solid OpenSCAD_Model
  facet normal -0.980741 -0.195314 0
    outer loop
      vertex -13.0094 15.1436 0
      vertex -13.0375 15.2847 17
      vertex -13.0375 15.2847 0
    endloop
  endfacet
  facet normal -0.980741 -0.195314 0
    outer loop
      vertex -13.0375 15.2847 17
      vertex -13.0094 15.1436 0
      vertex -13.0094 15.1436 17
    endloop
  endfacet
  facet normal -0.997864 -0.0653198 0
    outer loop
      vertex -13 15 0
      vertex -13.0094 15.1436 17
      vertex -13.0094 15.1436 0
    endloop
  endfacet
  facet normal -0.997864 -0.0653198 0
    outer loop
      vertex -13.0094 15.1436 17
      vertex -13 15 0
      vertex -13 15 17
    endloop
  endfacet
  facet normal -0.947073 -0.321018 0
    outer loop
      vertex -13.0375 15.2847 0
      vertex -13.0837 15.421 17
      vertex -13.0837 15.421 0
    endloop
  endfacet
  facet normal -0.947073 -0.321018 0
    outer loop
      vertex -13.0837 15.421 17
      vertex -13.0375 15.2847 0
      vertex -13.0375 15.2847 17
    endloop
  endfacet
  facet normal 0.980741 -0.195314 0
    outer loop
      vertex -15.1906 15.1436 17
      vertex -15.1625 15.2847 0
      vertex -15.1625 15.2847 17
    endloop
  endfacet
  facet normal 0.980741 -0.195314 0
    outer loop
      vertex -15.1625 15.2847 0
      vertex -15.1906 15.1436 17
      vertex -15.1906 15.1436 0
    endloop
  endfacet
  facet normal -0.321018 -0.947073 0
    outer loop
      vertex -13.8153 16.0625 0
      vertex -13.679 16.0163 17
      vertex -13.8153 16.0625 17
    endloop
  endfacet
  facet normal -0.321018 -0.947073 -0
    outer loop
      vertex -13.679 16.0163 17
      vertex -13.8153 16.0625 0
      vertex -13.679 16.0163 0
    endloop
  endfacet
  facet normal 0.0653198 0.997864 -0
    outer loop
      vertex -14.1 13.9 0
      vertex -14.2436 13.9094 17
      vertex -14.1 13.9 17
    endloop
  endfacet
  facet normal 0.0653198 0.997864 0
    outer loop
      vertex -14.2436 13.9094 17
      vertex -14.1 13.9 0
      vertex -14.2436 13.9094 0
    endloop
  endfacet
  facet normal 0.321018 -0.947073 0
    outer loop
      vertex -14.521 16.0163 0
      vertex -14.3847 16.0625 17
      vertex -14.521 16.0163 17
    endloop
  endfacet
  facet normal 0.321018 -0.947073 0
    outer loop
      vertex -14.3847 16.0625 17
      vertex -14.521 16.0163 0
      vertex -14.3847 16.0625 0
    endloop
  endfacet
  facet normal 0.555502 -0.831515 0
    outer loop
      vertex -14.7696 15.8727 0
      vertex -14.65 15.9526 17
      vertex -14.7696 15.8727 17
    endloop
  endfacet
  facet normal 0.555502 -0.831515 0
    outer loop
      vertex -14.65 15.9526 17
      vertex -14.7696 15.8727 0
      vertex -14.65 15.9526 0
    endloop
  endfacet
  facet normal -0.65939 -0.751801 0
    outer loop
      vertex -13.4304 15.8727 0
      vertex -13.3222 15.7778 17
      vertex -13.4304 15.8727 17
    endloop
  endfacet
  facet normal -0.65939 -0.751801 -0
    outer loop
      vertex -13.3222 15.7778 17
      vertex -13.4304 15.8727 0
      vertex -13.3222 15.7778 0
    endloop
  endfacet
  facet normal -0.89664 0.44276 0
    outer loop
      vertex -13.1474 14.45 0
      vertex -13.0837 14.579 17
      vertex -13.0837 14.579 0
    endloop
  endfacet
  facet normal -0.89664 0.44276 0
    outer loop
      vertex -13.0837 14.579 17
      vertex -13.1474 14.45 0
      vertex -13.1474 14.45 17
    endloop
  endfacet
  facet normal -0.321018 0.947073 0
    outer loop
      vertex -13.679 13.9837 0
      vertex -13.8153 13.9375 17
      vertex -13.679 13.9837 17
    endloop
  endfacet
  facet normal -0.321018 0.947073 0
    outer loop
      vertex -13.8153 13.9375 17
      vertex -13.679 13.9837 0
      vertex -13.8153 13.9375 0
    endloop
  endfacet
  facet normal -0.89664 -0.44276 0
    outer loop
      vertex -13.0837 15.421 0
      vertex -13.1474 15.55 17
      vertex -13.1474 15.55 0
    endloop
  endfacet
  facet normal -0.89664 -0.44276 0
    outer loop
      vertex -13.1474 15.55 17
      vertex -13.0837 15.421 0
      vertex -13.0837 15.421 17
    endloop
  endfacet
  facet normal 0.44276 0.89664 -0
    outer loop
      vertex -14.521 13.9837 0
      vertex -14.65 14.0474 17
      vertex -14.521 13.9837 17
    endloop
  endfacet
  facet normal 0.44276 0.89664 0
    outer loop
      vertex -14.65 14.0474 17
      vertex -14.521 13.9837 0
      vertex -14.65 14.0474 0
    endloop
  endfacet
  facet normal 0.751801 -0.65939 0
    outer loop
      vertex -14.9727 15.6696 17
      vertex -14.8778 15.7778 0
      vertex -14.8778 15.7778 17
    endloop
  endfacet
  facet normal 0.751801 -0.65939 0
    outer loop
      vertex -14.8778 15.7778 0
      vertex -14.9727 15.6696 17
      vertex -14.9727 15.6696 0
    endloop
  endfacet
  facet normal 0.195314 0.980741 -0
    outer loop
      vertex -14.2436 13.9094 0
      vertex -14.3847 13.9375 17
      vertex -14.2436 13.9094 17
    endloop
  endfacet
  facet normal 0.195314 0.980741 0
    outer loop
      vertex -14.3847 13.9375 17
      vertex -14.2436 13.9094 0
      vertex -14.3847 13.9375 0
    endloop
  endfacet
  facet normal -0.751801 0.65939 0
    outer loop
      vertex -13.3222 14.2222 0
      vertex -13.2273 14.3304 17
      vertex -13.2273 14.3304 0
    endloop
  endfacet
  facet normal -0.751801 0.65939 0
    outer loop
      vertex -13.2273 14.3304 17
      vertex -13.3222 14.2222 0
      vertex -13.3222 14.2222 17
    endloop
  endfacet
  facet normal 0.997864 -0.0653198 0
    outer loop
      vertex -15.2 15 17
      vertex -15.1906 15.1436 0
      vertex -15.1906 15.1436 17
    endloop
  endfacet
  facet normal 0.997864 -0.0653198 0
    outer loop
      vertex -15.1906 15.1436 0
      vertex -15.2 15 17
      vertex -15.2 15 0
    endloop
  endfacet
  facet normal 0.65939 -0.751801 0
    outer loop
      vertex -14.8778 15.7778 0
      vertex -14.7696 15.8727 17
      vertex -14.8778 15.7778 17
    endloop
  endfacet
  facet normal 0.65939 -0.751801 0
    outer loop
      vertex -14.7696 15.8727 17
      vertex -14.8778 15.7778 0
      vertex -14.7696 15.8727 0
    endloop
  endfacet
  facet normal 0.831515 0.555502 0
    outer loop
      vertex -14.9727 14.3304 17
      vertex -15.0526 14.45 0
      vertex -15.0526 14.45 17
    endloop
  endfacet
  facet normal 0.831515 0.555502 0
    outer loop
      vertex -15.0526 14.45 0
      vertex -14.9727 14.3304 17
      vertex -14.9727 14.3304 0
    endloop
  endfacet
  facet normal 0.65939 0.751801 -0
    outer loop
      vertex -14.7696 14.1273 0
      vertex -14.8778 14.2222 17
      vertex -14.7696 14.1273 17
    endloop
  endfacet
  facet normal 0.65939 0.751801 0
    outer loop
      vertex -14.8778 14.2222 17
      vertex -14.7696 14.1273 0
      vertex -14.8778 14.2222 0
    endloop
  endfacet
  facet normal -0.44276 -0.89664 0
    outer loop
      vertex -13.679 16.0163 0
      vertex -13.55 15.9526 17
      vertex -13.679 16.0163 17
    endloop
  endfacet
  facet normal -0.44276 -0.89664 -0
    outer loop
      vertex -13.55 15.9526 17
      vertex -13.679 16.0163 0
      vertex -13.55 15.9526 0
    endloop
  endfacet
  facet normal -0.555502 -0.831515 0
    outer loop
      vertex -13.55 15.9526 0
      vertex -13.4304 15.8727 17
      vertex -13.55 15.9526 17
    endloop
  endfacet
  facet normal -0.555502 -0.831515 -0
    outer loop
      vertex -13.4304 15.8727 17
      vertex -13.55 15.9526 0
      vertex -13.4304 15.8727 0
    endloop
  endfacet
  facet normal -0.44276 0.89664 0
    outer loop
      vertex -13.55 14.0474 0
      vertex -13.679 13.9837 17
      vertex -13.55 14.0474 17
    endloop
  endfacet
  facet normal -0.44276 0.89664 0
    outer loop
      vertex -13.679 13.9837 17
      vertex -13.55 14.0474 0
      vertex -13.679 13.9837 0
    endloop
  endfacet
  facet normal -0.0653198 -0.997864 0
    outer loop
      vertex -14.1 16.1 0
      vertex -13.9564 16.0906 17
      vertex -14.1 16.1 17
    endloop
  endfacet
  facet normal -0.0653198 -0.997864 -0
    outer loop
      vertex -13.9564 16.0906 17
      vertex -14.1 16.1 0
      vertex -13.9564 16.0906 0
    endloop
  endfacet
  facet normal -0.997864 0.0653198 0
    outer loop
      vertex -13.0094 14.8564 0
      vertex -13 15 17
      vertex -13 15 0
    endloop
  endfacet
  facet normal -0.997864 0.0653198 0
    outer loop
      vertex -13 15 17
      vertex -13.0094 14.8564 0
      vertex -13.0094 14.8564 17
    endloop
  endfacet
  facet normal -0.555502 0.831515 0
    outer loop
      vertex -13.4304 14.1273 0
      vertex -13.55 14.0474 17
      vertex -13.4304 14.1273 17
    endloop
  endfacet
  facet normal -0.555502 0.831515 0
    outer loop
      vertex -13.55 14.0474 17
      vertex -13.4304 14.1273 0
      vertex -13.55 14.0474 0
    endloop
  endfacet
  facet normal 0.831515 -0.555502 0
    outer loop
      vertex -15.0526 15.55 17
      vertex -14.9727 15.6696 0
      vertex -14.9727 15.6696 17
    endloop
  endfacet
  facet normal 0.831515 -0.555502 0
    outer loop
      vertex -14.9727 15.6696 0
      vertex -15.0526 15.55 17
      vertex -15.0526 15.55 0
    endloop
  endfacet
  facet normal -0.195314 -0.980741 0
    outer loop
      vertex -13.9564 16.0906 0
      vertex -13.8153 16.0625 17
      vertex -13.9564 16.0906 17
    endloop
  endfacet
  facet normal -0.195314 -0.980741 -0
    outer loop
      vertex -13.8153 16.0625 17
      vertex -13.9564 16.0906 0
      vertex -13.8153 16.0625 0
    endloop
  endfacet
  facet normal -0.751801 -0.65939 0
    outer loop
      vertex -13.2273 15.6696 0
      vertex -13.3222 15.7778 17
      vertex -13.3222 15.7778 0
    endloop
  endfacet
  facet normal -0.751801 -0.65939 0
    outer loop
      vertex -13.3222 15.7778 17
      vertex -13.2273 15.6696 0
      vertex -13.2273 15.6696 17
    endloop
  endfacet
  facet normal 0.555502 0.831515 -0
    outer loop
      vertex -14.65 14.0474 0
      vertex -14.7696 14.1273 17
      vertex -14.65 14.0474 17
    endloop
  endfacet
  facet normal 0.555502 0.831515 0
    outer loop
      vertex -14.7696 14.1273 17
      vertex -14.65 14.0474 0
      vertex -14.7696 14.1273 0
    endloop
  endfacet
  facet normal 0.44276 -0.89664 0
    outer loop
      vertex -14.65 15.9526 0
      vertex -14.521 16.0163 17
      vertex -14.65 15.9526 17
    endloop
  endfacet
  facet normal 0.44276 -0.89664 0
    outer loop
      vertex -14.521 16.0163 17
      vertex -14.65 15.9526 0
      vertex -14.521 16.0163 0
    endloop
  endfacet
  facet normal -0.65939 0.751801 0
    outer loop
      vertex -13.3222 14.2222 0
      vertex -13.4304 14.1273 17
      vertex -13.3222 14.2222 17
    endloop
  endfacet
  facet normal -0.65939 0.751801 0
    outer loop
      vertex -13.4304 14.1273 17
      vertex -13.3222 14.2222 0
      vertex -13.4304 14.1273 0
    endloop
  endfacet
  facet normal -0.831515 -0.555502 0
    outer loop
      vertex -13.1474 15.55 0
      vertex -13.2273 15.6696 17
      vertex -13.2273 15.6696 0
    endloop
  endfacet
  facet normal -0.831515 -0.555502 0
    outer loop
      vertex -13.2273 15.6696 17
      vertex -13.1474 15.55 0
      vertex -13.1474 15.55 17
    endloop
  endfacet
  facet normal -0.195314 0.980741 0
    outer loop
      vertex -13.8153 13.9375 0
      vertex -13.9564 13.9094 17
      vertex -13.8153 13.9375 17
    endloop
  endfacet
  facet normal -0.195314 0.980741 0
    outer loop
      vertex -13.9564 13.9094 17
      vertex -13.8153 13.9375 0
      vertex -13.9564 13.9094 0
    endloop
  endfacet
  facet normal -0.0653198 0.997864 0
    outer loop
      vertex -13.9564 13.9094 0
      vertex -14.1 13.9 17
      vertex -13.9564 13.9094 17
    endloop
  endfacet
  facet normal -0.0653198 0.997864 0
    outer loop
      vertex -14.1 13.9 17
      vertex -13.9564 13.9094 0
      vertex -14.1 13.9 0
    endloop
  endfacet
  facet normal 0.89664 0.44276 0
    outer loop
      vertex -15.0526 14.45 17
      vertex -15.1163 14.579 0
      vertex -15.1163 14.579 17
    endloop
  endfacet
  facet normal 0.89664 0.44276 0
    outer loop
      vertex -15.1163 14.579 0
      vertex -15.0526 14.45 17
      vertex -15.0526 14.45 0
    endloop
  endfacet
  facet normal 0.947073 0.321018 0
    outer loop
      vertex -15.1163 14.579 17
      vertex -15.1625 14.7153 0
      vertex -15.1625 14.7153 17
    endloop
  endfacet
  facet normal 0.947073 0.321018 0
    outer loop
      vertex -15.1625 14.7153 0
      vertex -15.1163 14.579 17
      vertex -15.1163 14.579 0
    endloop
  endfacet
  facet normal -0.947073 0.321018 0
    outer loop
      vertex -13.0837 14.579 0
      vertex -13.0375 14.7153 17
      vertex -13.0375 14.7153 0
    endloop
  endfacet
  facet normal -0.947073 0.321018 0
    outer loop
      vertex -13.0375 14.7153 17
      vertex -13.0837 14.579 0
      vertex -13.0837 14.579 17
    endloop
  endfacet
  facet normal -0.980741 0.195314 0
    outer loop
      vertex -13.0375 14.7153 0
      vertex -13.0094 14.8564 17
      vertex -13.0094 14.8564 0
    endloop
  endfacet
  facet normal -0.980741 0.195314 0
    outer loop
      vertex -13.0094 14.8564 17
      vertex -13.0375 14.7153 0
      vertex -13.0375 14.7153 17
    endloop
  endfacet
  facet normal 0.997864 0.0653198 0
    outer loop
      vertex -15.1906 14.8564 17
      vertex -15.2 15 0
      vertex -15.2 15 17
    endloop
  endfacet
  facet normal 0.997864 0.0653198 0
    outer loop
      vertex -15.2 15 0
      vertex -15.1906 14.8564 17
      vertex -15.1906 14.8564 0
    endloop
  endfacet
  facet normal -0.831515 0.555502 0
    outer loop
      vertex -13.2273 14.3304 0
      vertex -13.1474 14.45 17
      vertex -13.1474 14.45 0
    endloop
  endfacet
  facet normal -0.831515 0.555502 0
    outer loop
      vertex -13.1474 14.45 17
      vertex -13.2273 14.3304 0
      vertex -13.2273 14.3304 17
    endloop
  endfacet
  facet normal 0.980741 0.195314 0
    outer loop
      vertex -15.1625 14.7153 17
      vertex -15.1906 14.8564 0
      vertex -15.1906 14.8564 17
    endloop
  endfacet
  facet normal 0.980741 0.195314 0
    outer loop
      vertex -15.1906 14.8564 0
      vertex -15.1625 14.7153 17
      vertex -15.1625 14.7153 0
    endloop
  endfacet
  facet normal 0.0653198 -0.997864 0
    outer loop
      vertex -14.2436 16.0906 0
      vertex -14.1 16.1 17
      vertex -14.2436 16.0906 17
    endloop
  endfacet
  facet normal 0.0653198 -0.997864 0
    outer loop
      vertex -14.1 16.1 17
      vertex -14.2436 16.0906 0
      vertex -14.1 16.1 0
    endloop
  endfacet
  facet normal 0.195314 -0.980741 0
    outer loop
      vertex -14.3847 16.0625 0
      vertex -14.2436 16.0906 17
      vertex -14.3847 16.0625 17
    endloop
  endfacet
  facet normal 0.195314 -0.980741 0
    outer loop
      vertex -14.2436 16.0906 17
      vertex -14.3847 16.0625 0
      vertex -14.2436 16.0906 0
    endloop
  endfacet
  facet normal 0.321018 0.947073 -0
    outer loop
      vertex -14.3847 13.9375 0
      vertex -14.521 13.9837 17
      vertex -14.3847 13.9375 17
    endloop
  endfacet
  facet normal 0.321018 0.947073 0
    outer loop
      vertex -14.521 13.9837 17
      vertex -14.3847 13.9375 0
      vertex -14.521 13.9837 0
    endloop
  endfacet
  facet normal 0.947073 -0.321018 0
    outer loop
      vertex -15.1625 15.2847 17
      vertex -15.1163 15.421 0
      vertex -15.1163 15.421 17
    endloop
  endfacet
  facet normal 0.947073 -0.321018 0
    outer loop
      vertex -15.1163 15.421 0
      vertex -15.1625 15.2847 17
      vertex -15.1625 15.2847 0
    endloop
  endfacet
  facet normal 0.751801 0.65939 0
    outer loop
      vertex -14.8778 14.2222 17
      vertex -14.9727 14.3304 0
      vertex -14.9727 14.3304 17
    endloop
  endfacet
  facet normal 0.751801 0.65939 0
    outer loop
      vertex -14.9727 14.3304 0
      vertex -14.8778 14.2222 17
      vertex -14.8778 14.2222 0
    endloop
  endfacet
  facet normal 0.89664 -0.44276 0
    outer loop
      vertex -15.1163 15.421 17
      vertex -15.0526 15.55 0
      vertex -15.0526 15.55 17
    endloop
  endfacet
  facet normal 0.89664 -0.44276 0
    outer loop
      vertex -15.0526 15.55 0
      vertex -15.1163 15.421 17
      vertex -15.1163 15.421 0
    endloop
  endfacet
  facet normal 0.947073 -0.321018 0
    outer loop
      vertex 13.0375 15.2847 17
      vertex 13.0837 15.421 0
      vertex 13.0837 15.421 17
    endloop
  endfacet
  facet normal 0.947073 -0.321018 0
    outer loop
      vertex 13.0837 15.421 0
      vertex 13.0375 15.2847 17
      vertex 13.0375 15.2847 0
    endloop
  endfacet
  facet normal 0.44276 -0.89664 0
    outer loop
      vertex 13.55 15.9526 0
      vertex 13.679 16.0163 17
      vertex 13.55 15.9526 17
    endloop
  endfacet
  facet normal 0.44276 -0.89664 0
    outer loop
      vertex 13.679 16.0163 17
      vertex 13.55 15.9526 0
      vertex 13.679 16.0163 0
    endloop
  endfacet
  facet normal -0.980741 -0.195314 0
    outer loop
      vertex 15.1906 15.1436 0
      vertex 15.1625 15.2847 17
      vertex 15.1625 15.2847 0
    endloop
  endfacet
  facet normal -0.980741 -0.195314 0
    outer loop
      vertex 15.1625 15.2847 17
      vertex 15.1906 15.1436 0
      vertex 15.1906 15.1436 17
    endloop
  endfacet
  facet normal -0.997864 -0.0653198 0
    outer loop
      vertex 15.2 15 0
      vertex 15.1906 15.1436 17
      vertex 15.1906 15.1436 0
    endloop
  endfacet
  facet normal -0.997864 -0.0653198 0
    outer loop
      vertex 15.1906 15.1436 17
      vertex 15.2 15 0
      vertex 15.2 15 17
    endloop
  endfacet
  facet normal -0.947073 -0.321018 0
    outer loop
      vertex 15.1625 15.2847 0
      vertex 15.1163 15.421 17
      vertex 15.1163 15.421 0
    endloop
  endfacet
  facet normal -0.947073 -0.321018 0
    outer loop
      vertex 15.1163 15.421 17
      vertex 15.1625 15.2847 0
      vertex 15.1625 15.2847 17
    endloop
  endfacet
  facet normal 0.0653198 -0.997864 0
    outer loop
      vertex 13.9564 16.0906 0
      vertex 14.1 16.1 17
      vertex 13.9564 16.0906 17
    endloop
  endfacet
  facet normal 0.0653198 -0.997864 0
    outer loop
      vertex 14.1 16.1 17
      vertex 13.9564 16.0906 0
      vertex 14.1 16.1 0
    endloop
  endfacet
  facet normal 0.89664 -0.44276 0
    outer loop
      vertex 13.0837 15.421 17
      vertex 13.1474 15.55 0
      vertex 13.1474 15.55 17
    endloop
  endfacet
  facet normal 0.89664 -0.44276 0
    outer loop
      vertex 13.1474 15.55 0
      vertex 13.0837 15.421 17
      vertex 13.0837 15.421 0
    endloop
  endfacet
  facet normal -0.321018 -0.947073 0
    outer loop
      vertex 14.3847 16.0625 0
      vertex 14.521 16.0163 17
      vertex 14.3847 16.0625 17
    endloop
  endfacet
  facet normal -0.321018 -0.947073 -0
    outer loop
      vertex 14.521 16.0163 17
      vertex 14.3847 16.0625 0
      vertex 14.521 16.0163 0
    endloop
  endfacet
  facet normal -0.89664 0.44276 0
    outer loop
      vertex 15.0526 14.45 0
      vertex 15.1163 14.579 17
      vertex 15.1163 14.579 0
    endloop
  endfacet
  facet normal -0.89664 0.44276 0
    outer loop
      vertex 15.1163 14.579 17
      vertex 15.0526 14.45 0
      vertex 15.0526 14.45 17
    endloop
  endfacet
  facet normal -0.947073 0.321018 0
    outer loop
      vertex 15.1163 14.579 0
      vertex 15.1625 14.7153 17
      vertex 15.1625 14.7153 0
    endloop
  endfacet
  facet normal -0.947073 0.321018 0
    outer loop
      vertex 15.1625 14.7153 17
      vertex 15.1163 14.579 0
      vertex 15.1163 14.579 17
    endloop
  endfacet
  facet normal -0.44276 0.89664 0
    outer loop
      vertex 14.65 14.0474 0
      vertex 14.521 13.9837 17
      vertex 14.65 14.0474 17
    endloop
  endfacet
  facet normal -0.44276 0.89664 0
    outer loop
      vertex 14.521 13.9837 17
      vertex 14.65 14.0474 0
      vertex 14.521 13.9837 0
    endloop
  endfacet
  facet normal -0.321018 0.947073 0
    outer loop
      vertex 14.521 13.9837 0
      vertex 14.3847 13.9375 17
      vertex 14.521 13.9837 17
    endloop
  endfacet
  facet normal -0.321018 0.947073 0
    outer loop
      vertex 14.3847 13.9375 17
      vertex 14.521 13.9837 0
      vertex 14.3847 13.9375 0
    endloop
  endfacet
  facet normal -0.89664 -0.44276 0
    outer loop
      vertex 15.1163 15.421 0
      vertex 15.0526 15.55 17
      vertex 15.0526 15.55 0
    endloop
  endfacet
  facet normal -0.89664 -0.44276 0
    outer loop
      vertex 15.0526 15.55 17
      vertex 15.1163 15.421 0
      vertex 15.1163 15.421 17
    endloop
  endfacet
  facet normal 0.195314 -0.980741 0
    outer loop
      vertex 13.8153 16.0625 0
      vertex 13.9564 16.0906 17
      vertex 13.8153 16.0625 17
    endloop
  endfacet
  facet normal 0.195314 -0.980741 0
    outer loop
      vertex 13.9564 16.0906 17
      vertex 13.8153 16.0625 0
      vertex 13.9564 16.0906 0
    endloop
  endfacet
  facet normal 0.751801 0.65939 0
    outer loop
      vertex 13.3222 14.2222 17
      vertex 13.2273 14.3304 0
      vertex 13.2273 14.3304 17
    endloop
  endfacet
  facet normal 0.751801 0.65939 0
    outer loop
      vertex 13.2273 14.3304 0
      vertex 13.3222 14.2222 17
      vertex 13.3222 14.2222 0
    endloop
  endfacet
  facet normal 0.44276 0.89664 -0
    outer loop
      vertex 13.679 13.9837 0
      vertex 13.55 14.0474 17
      vertex 13.679 13.9837 17
    endloop
  endfacet
  facet normal 0.44276 0.89664 0
    outer loop
      vertex 13.55 14.0474 17
      vertex 13.679 13.9837 0
      vertex 13.55 14.0474 0
    endloop
  endfacet
  facet normal 0.555502 -0.831515 0
    outer loop
      vertex 13.4304 15.8727 0
      vertex 13.55 15.9526 17
      vertex 13.4304 15.8727 17
    endloop
  endfacet
  facet normal 0.555502 -0.831515 0
    outer loop
      vertex 13.55 15.9526 17
      vertex 13.4304 15.8727 0
      vertex 13.55 15.9526 0
    endloop
  endfacet
  facet normal -0.195314 0.980741 0
    outer loop
      vertex 14.3847 13.9375 0
      vertex 14.2436 13.9094 17
      vertex 14.3847 13.9375 17
    endloop
  endfacet
  facet normal -0.195314 0.980741 0
    outer loop
      vertex 14.2436 13.9094 17
      vertex 14.3847 13.9375 0
      vertex 14.2436 13.9094 0
    endloop
  endfacet
  facet normal 0.751801 -0.65939 0
    outer loop
      vertex 13.2273 15.6696 17
      vertex 13.3222 15.7778 0
      vertex 13.3222 15.7778 17
    endloop
  endfacet
  facet normal 0.751801 -0.65939 0
    outer loop
      vertex 13.3222 15.7778 0
      vertex 13.2273 15.6696 17
      vertex 13.2273 15.6696 0
    endloop
  endfacet
  facet normal -0.997864 0.0653198 0
    outer loop
      vertex 15.1906 14.8564 0
      vertex 15.2 15 17
      vertex 15.2 15 0
    endloop
  endfacet
  facet normal -0.997864 0.0653198 0
    outer loop
      vertex 15.2 15 17
      vertex 15.1906 14.8564 0
      vertex 15.1906 14.8564 17
    endloop
  endfacet
  facet normal -0.65939 0.751801 0
    outer loop
      vertex 14.8778 14.2222 0
      vertex 14.7696 14.1273 17
      vertex 14.8778 14.2222 17
    endloop
  endfacet
  facet normal -0.65939 0.751801 0
    outer loop
      vertex 14.7696 14.1273 17
      vertex 14.8778 14.2222 0
      vertex 14.7696 14.1273 0
    endloop
  endfacet
  facet normal 0.195314 0.980741 -0
    outer loop
      vertex 13.9564 13.9094 0
      vertex 13.8153 13.9375 17
      vertex 13.9564 13.9094 17
    endloop
  endfacet
  facet normal 0.195314 0.980741 0
    outer loop
      vertex 13.8153 13.9375 17
      vertex 13.9564 13.9094 0
      vertex 13.8153 13.9375 0
    endloop
  endfacet
  facet normal -0.831515 -0.555502 0
    outer loop
      vertex 15.0526 15.55 0
      vertex 14.9727 15.6696 17
      vertex 14.9727 15.6696 0
    endloop
  endfacet
  facet normal -0.831515 -0.555502 0
    outer loop
      vertex 14.9727 15.6696 17
      vertex 15.0526 15.55 0
      vertex 15.0526 15.55 17
    endloop
  endfacet
  facet normal -0.65939 -0.751801 0
    outer loop
      vertex 14.7696 15.8727 0
      vertex 14.8778 15.7778 17
      vertex 14.7696 15.8727 17
    endloop
  endfacet
  facet normal -0.65939 -0.751801 -0
    outer loop
      vertex 14.8778 15.7778 17
      vertex 14.7696 15.8727 0
      vertex 14.8778 15.7778 0
    endloop
  endfacet
  facet normal -0.831515 0.555502 0
    outer loop
      vertex 14.9727 14.3304 0
      vertex 15.0526 14.45 17
      vertex 15.0526 14.45 0
    endloop
  endfacet
  facet normal -0.831515 0.555502 0
    outer loop
      vertex 15.0526 14.45 17
      vertex 14.9727 14.3304 0
      vertex 14.9727 14.3304 17
    endloop
  endfacet
  facet normal 0.89664 0.44276 0
    outer loop
      vertex 13.1474 14.45 17
      vertex 13.0837 14.579 0
      vertex 13.0837 14.579 17
    endloop
  endfacet
  facet normal 0.89664 0.44276 0
    outer loop
      vertex 13.0837 14.579 0
      vertex 13.1474 14.45 17
      vertex 13.1474 14.45 0
    endloop
  endfacet
  facet normal -0.44276 -0.89664 0
    outer loop
      vertex 14.521 16.0163 0
      vertex 14.65 15.9526 17
      vertex 14.521 16.0163 17
    endloop
  endfacet
  facet normal -0.44276 -0.89664 -0
    outer loop
      vertex 14.65 15.9526 17
      vertex 14.521 16.0163 0
      vertex 14.65 15.9526 0
    endloop
  endfacet
  facet normal -0.980741 0.195314 0
    outer loop
      vertex 15.1625 14.7153 0
      vertex 15.1906 14.8564 17
      vertex 15.1906 14.8564 0
    endloop
  endfacet
  facet normal -0.980741 0.195314 0
    outer loop
      vertex 15.1906 14.8564 17
      vertex 15.1625 14.7153 0
      vertex 15.1625 14.7153 17
    endloop
  endfacet
  facet normal -0.751801 -0.65939 0
    outer loop
      vertex 14.9727 15.6696 0
      vertex 14.8778 15.7778 17
      vertex 14.8778 15.7778 0
    endloop
  endfacet
  facet normal -0.751801 -0.65939 0
    outer loop
      vertex 14.8778 15.7778 17
      vertex 14.9727 15.6696 0
      vertex 14.9727 15.6696 17
    endloop
  endfacet
  facet normal 0.321018 0.947073 -0
    outer loop
      vertex 13.8153 13.9375 0
      vertex 13.679 13.9837 17
      vertex 13.8153 13.9375 17
    endloop
  endfacet
  facet normal 0.321018 0.947073 0
    outer loop
      vertex 13.679 13.9837 17
      vertex 13.8153 13.9375 0
      vertex 13.679 13.9837 0
    endloop
  endfacet
  facet normal -0.751801 0.65939 0
    outer loop
      vertex 14.8778 14.2222 0
      vertex 14.9727 14.3304 17
      vertex 14.9727 14.3304 0
    endloop
  endfacet
  facet normal -0.751801 0.65939 0
    outer loop
      vertex 14.9727 14.3304 17
      vertex 14.8778 14.2222 0
      vertex 14.8778 14.2222 17
    endloop
  endfacet
  facet normal -0.555502 -0.831515 0
    outer loop
      vertex 14.65 15.9526 0
      vertex 14.7696 15.8727 17
      vertex 14.65 15.9526 17
    endloop
  endfacet
  facet normal -0.555502 -0.831515 -0
    outer loop
      vertex 14.7696 15.8727 17
      vertex 14.65 15.9526 0
      vertex 14.7696 15.8727 0
    endloop
  endfacet
  facet normal 0.997864 0.0653198 0
    outer loop
      vertex 13.0094 14.8564 17
      vertex 13 15 0
      vertex 13 15 17
    endloop
  endfacet
  facet normal 0.997864 0.0653198 0
    outer loop
      vertex 13 15 0
      vertex 13.0094 14.8564 17
      vertex 13.0094 14.8564 0
    endloop
  endfacet
  facet normal -0.555502 0.831515 0
    outer loop
      vertex 14.7696 14.1273 0
      vertex 14.65 14.0474 17
      vertex 14.7696 14.1273 17
    endloop
  endfacet
  facet normal -0.555502 0.831515 0
    outer loop
      vertex 14.65 14.0474 17
      vertex 14.7696 14.1273 0
      vertex 14.65 14.0474 0
    endloop
  endfacet
  facet normal -0.0653198 -0.997864 0
    outer loop
      vertex 14.1 16.1 0
      vertex 14.2436 16.0906 17
      vertex 14.1 16.1 17
    endloop
  endfacet
  facet normal -0.0653198 -0.997864 -0
    outer loop
      vertex 14.2436 16.0906 17
      vertex 14.1 16.1 0
      vertex 14.2436 16.0906 0
    endloop
  endfacet
  facet normal 0.980741 0.195314 0
    outer loop
      vertex 13.0375 14.7153 17
      vertex 13.0094 14.8564 0
      vertex 13.0094 14.8564 17
    endloop
  endfacet
  facet normal 0.980741 0.195314 0
    outer loop
      vertex 13.0094 14.8564 0
      vertex 13.0375 14.7153 17
      vertex 13.0375 14.7153 0
    endloop
  endfacet
  facet normal 0.980741 -0.195314 0
    outer loop
      vertex 13.0094 15.1436 17
      vertex 13.0375 15.2847 0
      vertex 13.0375 15.2847 17
    endloop
  endfacet
  facet normal 0.980741 -0.195314 0
    outer loop
      vertex 13.0375 15.2847 0
      vertex 13.0094 15.1436 17
      vertex 13.0094 15.1436 0
    endloop
  endfacet
  facet normal -0.0653198 0.997864 0
    outer loop
      vertex 14.2436 13.9094 0
      vertex 14.1 13.9 17
      vertex 14.2436 13.9094 17
    endloop
  endfacet
  facet normal -0.0653198 0.997864 0
    outer loop
      vertex 14.1 13.9 17
      vertex 14.2436 13.9094 0
      vertex 14.1 13.9 0
    endloop
  endfacet
  facet normal 0.65939 -0.751801 0
    outer loop
      vertex 13.3222 15.7778 0
      vertex 13.4304 15.8727 17
      vertex 13.3222 15.7778 17
    endloop
  endfacet
  facet normal 0.65939 -0.751801 0
    outer loop
      vertex 13.4304 15.8727 17
      vertex 13.3222 15.7778 0
      vertex 13.4304 15.8727 0
    endloop
  endfacet
  facet normal 0.65939 0.751801 -0
    outer loop
      vertex 13.4304 14.1273 0
      vertex 13.3222 14.2222 17
      vertex 13.4304 14.1273 17
    endloop
  endfacet
  facet normal 0.65939 0.751801 0
    outer loop
      vertex 13.3222 14.2222 17
      vertex 13.4304 14.1273 0
      vertex 13.3222 14.2222 0
    endloop
  endfacet
  facet normal 0.831515 -0.555502 0
    outer loop
      vertex 13.1474 15.55 17
      vertex 13.2273 15.6696 0
      vertex 13.2273 15.6696 17
    endloop
  endfacet
  facet normal 0.831515 -0.555502 0
    outer loop
      vertex 13.2273 15.6696 0
      vertex 13.1474 15.55 17
      vertex 13.1474 15.55 0
    endloop
  endfacet
  facet normal 0.997864 -0.0653198 0
    outer loop
      vertex 13 15 17
      vertex 13.0094 15.1436 0
      vertex 13.0094 15.1436 17
    endloop
  endfacet
  facet normal 0.997864 -0.0653198 0
    outer loop
      vertex 13.0094 15.1436 0
      vertex 13 15 17
      vertex 13 15 0
    endloop
  endfacet
  facet normal 0.831515 0.555502 0
    outer loop
      vertex 13.2273 14.3304 17
      vertex 13.1474 14.45 0
      vertex 13.1474 14.45 17
    endloop
  endfacet
  facet normal 0.831515 0.555502 0
    outer loop
      vertex 13.1474 14.45 0
      vertex 13.2273 14.3304 17
      vertex 13.2273 14.3304 0
    endloop
  endfacet
  facet normal -0.195314 -0.980741 0
    outer loop
      vertex 14.2436 16.0906 0
      vertex 14.3847 16.0625 17
      vertex 14.2436 16.0906 17
    endloop
  endfacet
  facet normal -0.195314 -0.980741 -0
    outer loop
      vertex 14.3847 16.0625 17
      vertex 14.2436 16.0906 0
      vertex 14.3847 16.0625 0
    endloop
  endfacet
  facet normal 0.0653198 0.997864 -0
    outer loop
      vertex 14.1 13.9 0
      vertex 13.9564 13.9094 17
      vertex 14.1 13.9 17
    endloop
  endfacet
  facet normal 0.0653198 0.997864 0
    outer loop
      vertex 13.9564 13.9094 17
      vertex 14.1 13.9 0
      vertex 13.9564 13.9094 0
    endloop
  endfacet
  facet normal 0.555502 0.831515 -0
    outer loop
      vertex 13.55 14.0474 0
      vertex 13.4304 14.1273 17
      vertex 13.55 14.0474 17
    endloop
  endfacet
  facet normal 0.555502 0.831515 0
    outer loop
      vertex 13.4304 14.1273 17
      vertex 13.55 14.0474 0
      vertex 13.4304 14.1273 0
    endloop
  endfacet
  facet normal 0.321018 -0.947073 0
    outer loop
      vertex 13.679 16.0163 0
      vertex 13.8153 16.0625 17
      vertex 13.679 16.0163 17
    endloop
  endfacet
  facet normal 0.321018 -0.947073 0
    outer loop
      vertex 13.8153 16.0625 17
      vertex 13.679 16.0163 0
      vertex 13.8153 16.0625 0
    endloop
  endfacet
  facet normal 0.947073 0.321018 0
    outer loop
      vertex 13.0837 14.579 17
      vertex 13.0375 14.7153 0
      vertex 13.0375 14.7153 17
    endloop
  endfacet
  facet normal 0.947073 0.321018 0
    outer loop
      vertex 13.0375 14.7153 0
      vertex 13.0837 14.579 17
      vertex 13.0837 14.579 0
    endloop
  endfacet
  facet normal -0.896898 0.442238 0
    outer loop
      vertex -37.6955 27.5307 0
      vertex -37.4641 28 17
      vertex -37.4641 28 0
    endloop
  endfacet
  facet normal -0.896898 0.442238 0
    outer loop
      vertex -37.4641 28 17
      vertex -37.6955 27.5307 0
      vertex -37.6955 27.5307 17
    endloop
  endfacet
  facet normal 0.831462 -0.555582 0
    outer loop
      vertex 37.1734 1.56495 17
      vertex 37.4641 2 0
      vertex 37.4641 2 17
    endloop
  endfacet
  facet normal 0.831462 -0.555582 0
    outer loop
      vertex 37.4641 2 0
      vertex 37.1734 1.56495 17
      vertex 37.1734 1.56495 0
    endloop
  endfacet
  facet normal 0.896898 0.442238 0
    outer loop
      vertex 37.6955 27.5307 17
      vertex 37.4641 28 0
      vertex 37.4641 28 17
    endloop
  endfacet
  facet normal 0.896898 0.442238 0
    outer loop
      vertex 37.4641 28 0
      vertex 37.6955 27.5307 17
      vertex 37.6955 27.5307 0
    endloop
  endfacet
  facet normal 0 1 -0
    outer loop
      vertex 20 30 0
      vertex -20 30 5
      vertex 20 30 5
    endloop
  endfacet
  facet normal 0 1 0
    outer loop
      vertex -20 30 5
      vertex 20 30 0
      vertex -20 30 0
    endloop
  endfacet
  facet normal 0 1 0
    outer loop
      vertex 20 30 5
      vertex 34 30 17
      vertex 28 30 5
    endloop
  endfacet
  facet normal 0 1 -0
    outer loop
      vertex 34 30 0
      vertex 28 30 5
      vertex 34 30 17
    endloop
  endfacet
  facet normal 0 1 0
    outer loop
      vertex 28 30 5
      vertex 34 30 0
      vertex 28 30 0
    endloop
  endfacet
  facet normal 0 1 0
    outer loop
      vertex 34 30 17
      vertex 20 30 5
      vertex -34 30 17
    endloop
  endfacet
  facet normal 0 1 -0
    outer loop
      vertex -20 30 5
      vertex -34 30 17
      vertex 20 30 5
    endloop
  endfacet
  facet normal 0 1 -0
    outer loop
      vertex -28 30 5
      vertex -34 30 17
      vertex -20 30 5
    endloop
  endfacet
  facet normal 0 1 0
    outer loop
      vertex -34 30 0
      vertex -28 30 5
      vertex -28 30 0
    endloop
  endfacet
  facet normal 0 1 0
    outer loop
      vertex -28 30 5
      vertex -34 30 0
      vertex -34 30 17
    endloop
  endfacet
  facet normal 0.831432 0.555626 0
    outer loop
      vertex 37.4641 28 17
      vertex 37.1734 28.435 0
      vertex 37.1734 28.435 17
    endloop
  endfacet
  facet normal 0.831432 0.555626 0
    outer loop
      vertex 37.1734 28.435 0
      vertex 37.4641 28 17
      vertex 37.4641 28 0
    endloop
  endfacet
  facet normal -0.19508 -0.980787 0
    outer loop
      vertex -35.0353 0.136296 0
      vertex -34.5221 0.0342197 17
      vertex -35.0353 0.136296 17
    endloop
  endfacet
  facet normal -0.19508 -0.980787 -0
    outer loop
      vertex -34.5221 0.0342197 17
      vertex -35.0353 0.136296 0
      vertex -34.5221 0.0342197 0
    endloop
  endfacet
  facet normal 0.321498 0.94691 -0
    outer loop
      vertex 35.5307 29.6955 0
      vertex 35.0353 29.8637 17
      vertex 35.5307 29.6955 17
    endloop
  endfacet
  facet normal 0.321498 0.94691 0
    outer loop
      vertex 35.0353 29.8637 17
      vertex 35.5307 29.6955 0
      vertex 35.0353 29.8637 0
    endloop
  endfacet
  facet normal -0.751826 -0.659362 0
    outer loop
      vertex -36.8284 1.17157 0
      vertex -37.1734 1.56495 17
      vertex -37.1734 1.56495 0
    endloop
  endfacet
  facet normal -0.751826 -0.659362 0
    outer loop
      vertex -37.1734 1.56495 17
      vertex -36.8284 1.17157 0
      vertex -36.8284 1.17157 17
    endloop
  endfacet
  facet normal 0.0654021 -0.997859 0
    outer loop
      vertex 34 0 0
      vertex 34.5221 0.0342197 17
      vertex 34 0 17
    endloop
  endfacet
  facet normal 0.0654021 -0.997859 0
    outer loop
      vertex 34.5221 0.0342197 17
      vertex 34 0 0
      vertex 34.5221 0.0342197 0
    endloop
  endfacet
  facet normal 0.659343 0.751842 -0
    outer loop
      vertex 36.8284 28.8284 0
      vertex 36.435 29.1734 17
      vertex 36.8284 28.8284 17
    endloop
  endfacet
  facet normal 0.659343 0.751842 0
    outer loop
      vertex 36.435 29.1734 17
      vertex 36.8284 28.8284 0
      vertex 36.435 29.1734 0
    endloop
  endfacet
  facet normal -0.980779 0.195124 0
    outer loop
      vertex -37.9658 26.5221 0
      vertex -37.8637 27.0353 17
      vertex -37.8637 27.0353 0
    endloop
  endfacet
  facet normal -0.980779 0.195124 0
    outer loop
      vertex -37.8637 27.0353 17
      vertex -37.9658 26.5221 0
      vertex -37.9658 26.5221 17
    endloop
  endfacet
  facet normal 0.321474 -0.946918 0
    outer loop
      vertex 35.0353 0.136296 0
      vertex 35.5307 0.304482 17
      vertex 35.0353 0.136296 17
    endloop
  endfacet
  facet normal 0.321474 -0.946918 0
    outer loop
      vertex 35.5307 0.304482 17
      vertex 35.0353 0.136296 0
      vertex 35.5307 0.304482 0
    endloop
  endfacet
  facet normal 0.94691 0.321498 0
    outer loop
      vertex 37.8637 27.0353 17
      vertex 37.6955 27.5307 0
      vertex 37.6955 27.5307 17
    endloop
  endfacet
  facet normal 0.94691 0.321498 0
    outer loop
      vertex 37.6955 27.5307 0
      vertex 37.8637 27.0353 17
      vertex 37.8637 27.0353 0
    endloop
  endfacet
  facet normal 0.442238 0.896898 -0
    outer loop
      vertex 36 29.4641 0
      vertex 35.5307 29.6955 17
      vertex 36 29.4641 17
    endloop
  endfacet
  facet normal 0.442238 0.896898 0
    outer loop
      vertex 35.5307 29.6955 17
      vertex 36 29.4641 0
      vertex 35.5307 29.6955 0
    endloop
  endfacet
  facet normal 0.555626 0.831432 -0
    outer loop
      vertex 36.435 29.1734 0
      vertex 36 29.4641 17
      vertex 36.435 29.1734 17
    endloop
  endfacet
  facet normal 0.555626 0.831432 0
    outer loop
      vertex 36 29.4641 17
      vertex 36.435 29.1734 0
      vertex 36 29.4641 0
    endloop
  endfacet
  facet normal 1 -0 0
    outer loop
      vertex 38 4 17
      vertex 38 26 0
      vertex 38 26 17
    endloop
  endfacet
  facet normal 1 0 0
    outer loop
      vertex 38 26 0
      vertex 38 4 17
      vertex 38 4 0
    endloop
  endfacet
  facet normal -0.831462 -0.555582 0
    outer loop
      vertex -37.1734 1.56495 0
      vertex -37.4641 2 17
      vertex -37.4641 2 0
    endloop
  endfacet
  facet normal -0.831462 -0.555582 0
    outer loop
      vertex -37.4641 2 17
      vertex -37.1734 1.56495 0
      vertex -37.1734 1.56495 17
    endloop
  endfacet
  facet normal 0.442262 -0.896886 0
    outer loop
      vertex 35.5307 0.304482 0
      vertex 36 0.535898 17
      vertex 35.5307 0.304482 17
    endloop
  endfacet
  facet normal 0.442262 -0.896886 0
    outer loop
      vertex 36 0.535898 17
      vertex 35.5307 0.304482 0
      vertex 36 0.535898 0
    endloop
  endfacet
  facet normal -0.442262 -0.896886 0
    outer loop
      vertex -36 0.535898 0
      vertex -35.5307 0.304482 17
      vertex -36 0.535898 17
    endloop
  endfacet
  facet normal -0.442262 -0.896886 -0
    outer loop
      vertex -35.5307 0.304482 17
      vertex -36 0.535898 0
      vertex -35.5307 0.304482 0
    endloop
  endfacet
  facet normal -0.751842 0.659343 0
    outer loop
      vertex -37.1734 28.435 0
      vertex -36.8284 28.8284 17
      vertex -36.8284 28.8284 0
    endloop
  endfacet
  facet normal -0.751842 0.659343 0
    outer loop
      vertex -36.8284 28.8284 17
      vertex -37.1734 28.435 0
      vertex -37.1734 28.435 17
    endloop
  endfacet
  facet normal 0.195124 0.980779 -0
    outer loop
      vertex 35.0353 29.8637 0
      vertex 34.5221 29.9658 17
      vertex 35.0353 29.8637 17
    endloop
  endfacet
  facet normal 0.195124 0.980779 0
    outer loop
      vertex 34.5221 29.9658 17
      vertex 35.0353 29.8637 0
      vertex 34.5221 29.9658 0
    endloop
  endfacet
  facet normal 0.997862 -0.0653634 0
    outer loop
      vertex 37.9658 3.47789 17
      vertex 38 4 0
      vertex 38 4 17
    endloop
  endfacet
  facet normal 0.997862 -0.0653634 0
    outer loop
      vertex 38 4 0
      vertex 37.9658 3.47789 17
      vertex 37.9658 3.47789 0
    endloop
  endfacet
  facet normal -0.94691 0.321498 0
    outer loop
      vertex -37.8637 27.0353 0
      vertex -37.6955 27.5307 17
      vertex -37.6955 27.5307 0
    endloop
  endfacet
  facet normal -0.94691 0.321498 0
    outer loop
      vertex -37.6955 27.5307 17
      vertex -37.8637 27.0353 0
      vertex -37.8637 27.0353 17
    endloop
  endfacet
  facet normal -0.94692 -0.321469 0
    outer loop
      vertex -37.6955 2.46927 0
      vertex -37.8637 2.96472 17
      vertex -37.8637 2.96472 0
    endloop
  endfacet
  facet normal -0.94692 -0.321469 0
    outer loop
      vertex -37.8637 2.96472 17
      vertex -37.6955 2.46927 0
      vertex -37.6955 2.46927 17
    endloop
  endfacet
  facet normal -0.0653646 0.997861 0
    outer loop
      vertex -34 30 0
      vertex -34.5221 29.9658 17
      vertex -34 30 17
    endloop
  endfacet
  facet normal -0.0653646 0.997861 0
    outer loop
      vertex -34.5221 29.9658 17
      vertex -34 30 0
      vertex -34.5221 29.9658 0
    endloop
  endfacet
  facet normal -0.659326 -0.751857 0
    outer loop
      vertex -36.8284 1.17157 0
      vertex -36.435 0.826586 17
      vertex -36.8284 1.17157 17
    endloop
  endfacet
  facet normal -0.659326 -0.751857 -0
    outer loop
      vertex -36.435 0.826586 17
      vertex -36.8284 1.17157 0
      vertex -36.435 0.826586 0
    endloop
  endfacet
  facet normal 0.980776 -0.195135 0
    outer loop
      vertex 37.8637 2.96472 17
      vertex 37.9658 3.47789 0
      vertex 37.9658 3.47789 17
    endloop
  endfacet
  facet normal 0.980776 -0.195135 0
    outer loop
      vertex 37.9658 3.47789 0
      vertex 37.8637 2.96472 17
      vertex 37.8637 2.96472 0
    endloop
  endfacet
  facet normal 0 -1 0
    outer loop
      vertex -34 0 0
      vertex 34 0 17
      vertex -34 0 17
    endloop
  endfacet
  facet normal 0 -1 -0
    outer loop
      vertex 34 0 17
      vertex -34 0 0
      vertex 34 0 0
    endloop
  endfacet
  facet normal -1 0 0
    outer loop
      vertex -38 4 0
      vertex -38 26 17
      vertex -38 26 0
    endloop
  endfacet
  facet normal -1 -0 0
    outer loop
      vertex -38 26 17
      vertex -38 4 0
      vertex -38 4 17
    endloop
  endfacet
  facet normal 0.997861 0.0653646 0
    outer loop
      vertex 38 26 17
      vertex 37.9658 26.5221 0
      vertex 37.9658 26.5221 17
    endloop
  endfacet
  facet normal 0.997861 0.0653646 0
    outer loop
      vertex 37.9658 26.5221 0
      vertex 38 26 17
      vertex 38 26 0
    endloop
  endfacet
  facet normal 0.19508 -0.980787 0
    outer loop
      vertex 34.5221 0.0342197 0
      vertex 35.0353 0.136296 17
      vertex 34.5221 0.0342197 17
    endloop
  endfacet
  facet normal 0.19508 -0.980787 0
    outer loop
      vertex 35.0353 0.136296 17
      vertex 34.5221 0.0342197 0
      vertex 35.0353 0.136296 0
    endloop
  endfacet
  facet normal 0.751842 0.659343 0
    outer loop
      vertex 37.1734 28.435 17
      vertex 36.8284 28.8284 0
      vertex 36.8284 28.8284 17
    endloop
  endfacet
  facet normal 0.751842 0.659343 0
    outer loop
      vertex 36.8284 28.8284 0
      vertex 37.1734 28.435 17
      vertex 37.1734 28.435 0
    endloop
  endfacet
  facet normal 0.980779 0.195124 0
    outer loop
      vertex 37.9658 26.5221 17
      vertex 37.8637 27.0353 0
      vertex 37.8637 27.0353 17
    endloop
  endfacet
  facet normal 0.980779 0.195124 0
    outer loop
      vertex 37.8637 27.0353 0
      vertex 37.9658 26.5221 17
      vertex 37.9658 26.5221 0
    endloop
  endfacet
  facet normal 0.659326 -0.751857 0
    outer loop
      vertex 36.435 0.826586 0
      vertex 36.8284 1.17157 17
      vertex 36.435 0.826586 17
    endloop
  endfacet
  facet normal 0.659326 -0.751857 0
    outer loop
      vertex 36.8284 1.17157 17
      vertex 36.435 0.826586 0
      vertex 36.8284 1.17157 0
    endloop
  endfacet
  facet normal -0.997861 0.0653646 0
    outer loop
      vertex -38 26 0
      vertex -37.9658 26.5221 17
      vertex -37.9658 26.5221 0
    endloop
  endfacet
  facet normal -0.997861 0.0653646 0
    outer loop
      vertex -37.9658 26.5221 17
      vertex -38 26 0
      vertex -38 26 17
    endloop
  endfacet
  facet normal -0.980776 -0.195135 0
    outer loop
      vertex -37.8637 2.96472 0
      vertex -37.9658 3.47789 17
      vertex -37.9658 3.47789 0
    endloop
  endfacet
  facet normal -0.980776 -0.195135 0
    outer loop
      vertex -37.9658 3.47789 17
      vertex -37.8637 2.96472 0
      vertex -37.8637 2.96472 17
    endloop
  endfacet
  facet normal 0.0653646 0.997861 -0
    outer loop
      vertex 34.5221 29.9658 0
      vertex 34 30 17
      vertex 34.5221 29.9658 17
    endloop
  endfacet
  facet normal 0.0653646 0.997861 0
    outer loop
      vertex 34 30 17
      vertex 34.5221 29.9658 0
      vertex 34 30 0
    endloop
  endfacet
  facet normal -0.195124 0.980779 0
    outer loop
      vertex -34.5221 29.9658 0
      vertex -35.0353 29.8637 17
      vertex -34.5221 29.9658 17
    endloop
  endfacet
  facet normal -0.195124 0.980779 0
    outer loop
      vertex -35.0353 29.8637 17
      vertex -34.5221 29.9658 0
      vertex -35.0353 29.8637 0
    endloop
  endfacet
  facet normal -0.0654021 -0.997859 0
    outer loop
      vertex -34.5221 0.0342197 0
      vertex -34 0 17
      vertex -34.5221 0.0342197 17
    endloop
  endfacet
  facet normal -0.0654021 -0.997859 -0
    outer loop
      vertex -34 0 17
      vertex -34.5221 0.0342197 0
      vertex -34 0 0
    endloop
  endfacet
  facet normal -0.896887 -0.44226 0
    outer loop
      vertex -37.4641 2 0
      vertex -37.6955 2.46927 17
      vertex -37.6955 2.46927 0
    endloop
  endfacet
  facet normal -0.896887 -0.44226 0
    outer loop
      vertex -37.6955 2.46927 17
      vertex -37.4641 2 0
      vertex -37.4641 2 17
    endloop
  endfacet
  facet normal 0.896887 -0.44226 0
    outer loop
      vertex 37.4641 2 17
      vertex 37.6955 2.46927 0
      vertex 37.6955 2.46927 17
    endloop
  endfacet
  facet normal 0.896887 -0.44226 0
    outer loop
      vertex 37.6955 2.46927 0
      vertex 37.4641 2 17
      vertex 37.4641 2 0
    endloop
  endfacet
  facet normal 0.751826 -0.659362 0
    outer loop
      vertex 36.8284 1.17157 17
      vertex 37.1734 1.56495 0
      vertex 37.1734 1.56495 17
    endloop
  endfacet
  facet normal 0.751826 -0.659362 0
    outer loop
      vertex 37.1734 1.56495 0
      vertex 36.8284 1.17157 17
      vertex 36.8284 1.17157 0
    endloop
  endfacet
  facet normal -0.442238 0.896898 0
    outer loop
      vertex -35.5307 29.6955 0
      vertex -36 29.4641 17
      vertex -35.5307 29.6955 17
    endloop
  endfacet
  facet normal -0.442238 0.896898 0
    outer loop
      vertex -36 29.4641 17
      vertex -35.5307 29.6955 0
      vertex -36 29.4641 0
    endloop
  endfacet
  facet normal -0.659343 0.751842 0
    outer loop
      vertex -36.435 29.1734 0
      vertex -36.8284 28.8284 17
      vertex -36.435 29.1734 17
    endloop
  endfacet
  facet normal -0.659343 0.751842 0
    outer loop
      vertex -36.8284 28.8284 17
      vertex -36.435 29.1734 0
      vertex -36.8284 28.8284 0
    endloop
  endfacet
  facet normal -0.321498 0.94691 0
    outer loop
      vertex -35.0353 29.8637 0
      vertex -35.5307 29.6955 17
      vertex -35.0353 29.8637 17
    endloop
  endfacet
  facet normal -0.321498 0.94691 0
    outer loop
      vertex -35.5307 29.6955 17
      vertex -35.0353 29.8637 0
      vertex -35.5307 29.6955 0
    endloop
  endfacet
  facet normal -0.831432 0.555626 0
    outer loop
      vertex -37.4641 28 0
      vertex -37.1734 28.435 17
      vertex -37.1734 28.435 0
    endloop
  endfacet
  facet normal -0.831432 0.555626 0
    outer loop
      vertex -37.1734 28.435 17
      vertex -37.4641 28 0
      vertex -37.4641 28 17
    endloop
  endfacet
  facet normal 0 0 1
    outer loop
      vertex 34 30 17
      vertex 38 26 17
      vertex 37.9658 26.5221 17
    endloop
  endfacet
  facet normal 0 0 1
    outer loop
      vertex 38 26 17
      vertex 15.2 15 17
      vertex 38 4 17
    endloop
  endfacet
  facet normal 0 0 1
    outer loop
      vertex 34 30 17
      vertex 37.9658 26.5221 17
      vertex 37.8637 27.0353 17
    endloop
  endfacet
  facet normal -0 0 1
    outer loop
      vertex 15.1906 14.8564 17
      vertex 38 4 17
      vertex 15.2 15 17
    endloop
  endfacet
  facet normal 0 0 1
    outer loop
      vertex 34 30 17
      vertex 37.8637 27.0353 17
      vertex 37.6955 27.5307 17
    endloop
  endfacet
  facet normal -0 0 1
    outer loop
      vertex 15.1625 14.7153 17
      vertex 38 4 17
      vertex 15.1906 14.8564 17
    endloop
  endfacet
  facet normal 0 0 1
    outer loop
      vertex 34 30 17
      vertex 37.6955 27.5307 17
      vertex 37.4641 28 17
    endloop
  endfacet
  facet normal 0 -0 1
    outer loop
      vertex 34 0 17
      vertex 38 4 17
      vertex 15.1625 14.7153 17
    endloop
  endfacet
  facet normal 0 0 1
    outer loop
      vertex 34 30 17
      vertex 37.4641 28 17
      vertex 37.1734 28.435 17
    endloop
  endfacet
  facet normal 0 0 1
    outer loop
      vertex 38 4 17
      vertex 34 0 17
      vertex 37.9658 3.47789 17
    endloop
  endfacet
  facet normal 0 0 1
    outer loop
      vertex 34 30 17
      vertex 37.1734 28.435 17
      vertex 36.8284 28.8284 17
    endloop
  endfacet
  facet normal 0 0 1
    outer loop
      vertex 37.8637 2.96472 17
      vertex 34 0 17
      vertex 37.6955 2.46927 17
    endloop
  endfacet
  facet normal 0 0 1
    outer loop
      vertex 34 30 17
      vertex 36.8284 28.8284 17
      vertex 36.435 29.1734 17
    endloop
  endfacet
  facet normal 0 0 1
    outer loop
      vertex 37.6955 2.46927 17
      vertex 34 0 17
      vertex 37.4641 2 17
    endloop
  endfacet
  facet normal 0 0 1
    outer loop
      vertex 34 30 17
      vertex 36.435 29.1734 17
      vertex 36 29.4641 17
    endloop
  endfacet
  facet normal 0 0 1
    outer loop
      vertex 38 26 17
      vertex 34 30 17
      vertex 15.1625 15.2847 17
    endloop
  endfacet
  facet normal 0 0 1
    outer loop
      vertex 34 30 17
      vertex 36 29.4641 17
      vertex 35.5307 29.6955 17
    endloop
  endfacet
  facet normal 0 0 1
    outer loop
      vertex 37.1734 1.56495 17
      vertex 34 0 17
      vertex 36.8284 1.17157 17
    endloop
  endfacet
  facet normal 0 0 1
    outer loop
      vertex 34 30 17
      vertex 35.5307 29.6955 17
      vertex 35.0353 29.8637 17
    endloop
  endfacet
  facet normal 0 0 1
    outer loop
      vertex 36.435 0.826586 17
      vertex 34 0 17
      vertex 36 0.535898 17
    endloop
  endfacet
  facet normal 0 0 1
    outer loop
      vertex 34 30 17
      vertex 35.0353 29.8637 17
      vertex 34.5221 29.9658 17
    endloop
  endfacet
  facet normal 0 0 1
    outer loop
      vertex 36 0.535898 17
      vertex 34 0 17
      vertex 35.5307 0.304482 17
    endloop
  endfacet
  facet normal 0 0 1
    outer loop
      vertex 35.5307 0.304482 17
      vertex 34 0 17
      vertex 35.0353 0.136296 17
    endloop
  endfacet
  facet normal 0 0 1
    outer loop
      vertex 35.0353 0.136296 17
      vertex 34 0 17
      vertex 34.5221 0.0342197 17
    endloop
  endfacet
  facet normal 0 0 1
    outer loop
      vertex 36.8284 1.17157 17
      vertex 34 0 17
      vertex 36.435 0.826586 17
    endloop
  endfacet
  facet normal 0 0 1
    outer loop
      vertex 38 26 17
      vertex 15.1906 15.1436 17
      vertex 15.2 15 17
    endloop
  endfacet
  facet normal 0 0 1
    outer loop
      vertex 38 26 17
      vertex 15.1625 15.2847 17
      vertex 15.1906 15.1436 17
    endloop
  endfacet
  facet normal 0 0 1
    outer loop
      vertex 34 30 17
      vertex 15.1163 15.421 17
      vertex 15.1625 15.2847 17
    endloop
  endfacet
  facet normal 0 0 1
    outer loop
      vertex 34 30 17
      vertex 15.0526 15.55 17
      vertex 15.1163 15.421 17
    endloop
  endfacet
  facet normal 0 0 1
    outer loop
      vertex 34 30 17
      vertex 14.9727 15.6696 17
      vertex 15.0526 15.55 17
    endloop
  endfacet
  facet normal 0 0 1
    outer loop
      vertex 34 30 17
      vertex 14.8778 15.7778 17
      vertex 14.9727 15.6696 17
    endloop
  endfacet
  facet normal -0 0 1
    outer loop
      vertex 11.6 21.25 17
      vertex 14.8778 15.7778 17
      vertex 34 30 17
    endloop
  endfacet
  facet normal 0 0 1
    outer loop
      vertex 14.8778 15.7778 17
      vertex 11.6 21.25 17
      vertex 14.7696 15.8727 17
    endloop
  endfacet
  facet normal 0 0 1
    outer loop
      vertex 14.7696 15.8727 17
      vertex 11.6 21.25 17
      vertex 14.65 15.9526 17
    endloop
  endfacet
  facet normal 0 0 1
    outer loop
      vertex 14.65 15.9526 17
      vertex 11.6 21.25 17
      vertex 14.521 16.0163 17
    endloop
  endfacet
  facet normal 0 0 1
    outer loop
      vertex 14.521 16.0163 17
      vertex 11.6 21.25 17
      vertex 14.3847 16.0625 17
    endloop
  endfacet
  facet normal 0 0 1
    outer loop
      vertex 14.3847 16.0625 17
      vertex 11.6 21.25 17
      vertex 14.2436 16.0906 17
    endloop
  endfacet
  facet normal 0 0 1
    outer loop
      vertex 14.2436 16.0906 17
      vertex 11.6 21.25 17
      vertex 14.1 16.1 17
    endloop
  endfacet
  facet normal 0 0 1
    outer loop
      vertex 14.1 16.1 17
      vertex 11.6 21.25 17
      vertex 13.9564 16.0906 17
    endloop
  endfacet
  facet normal 0 0 1
    outer loop
      vertex 13.9564 16.0906 17
      vertex 11.6 21.25 17
      vertex 13.8153 16.0625 17
    endloop
  endfacet
  facet normal 0 0 1
    outer loop
      vertex 13.8153 16.0625 17
      vertex 11.6 21.25 17
      vertex 13.679 16.0163 17
    endloop
  endfacet
  facet normal 0 0 1
    outer loop
      vertex 13.679 16.0163 17
      vertex 11.6 21.25 17
      vertex 13.55 15.9526 17
    endloop
  endfacet
  facet normal 0 0 1
    outer loop
      vertex 13.0094 15.1436 17
      vertex 11.6 21.25 17
      vertex 13 15 17
    endloop
  endfacet
  facet normal 0 0 1
    outer loop
      vertex 13.0375 15.2847 17
      vertex 11.6 21.25 17
      vertex 13.0094 15.1436 17
    endloop
  endfacet
  facet normal 0 0 1
    outer loop
      vertex 13.0837 15.421 17
      vertex 11.6 21.25 17
      vertex 13.0375 15.2847 17
    endloop
  endfacet
  facet normal 0 0 1
    outer loop
      vertex 13.1474 15.55 17
      vertex 11.6 21.25 17
      vertex 13.0837 15.421 17
    endloop
  endfacet
  facet normal 0 0 1
    outer loop
      vertex 13.2273 15.6696 17
      vertex 11.6 21.25 17
      vertex 13.1474 15.55 17
    endloop
  endfacet
  facet normal 0 0 1
    outer loop
      vertex 13.3222 15.7778 17
      vertex 11.6 21.25 17
      vertex 13.2273 15.6696 17
    endloop
  endfacet
  facet normal 0 0 1
    outer loop
      vertex 13.4304 15.8727 17
      vertex 11.6 21.25 17
      vertex 13.3222 15.7778 17
    endloop
  endfacet
  facet normal 0 0 1
    outer loop
      vertex 13.55 15.9526 17
      vertex 11.6 21.25 17
      vertex 13.4304 15.8727 17
    endloop
  endfacet
  facet normal 0 0 1
    outer loop
      vertex 34 30 17
      vertex -11.6 21.25 17
      vertex 11.6 21.25 17
    endloop
  endfacet
  facet normal 0 0 1
    outer loop
      vertex -11.6 21.25 17
      vertex -13 15 17
      vertex -11.6 8.75 17
    endloop
  endfacet
  facet normal 0 0 1
    outer loop
      vertex -11.6 21.25 17
      vertex -13.0094 15.1436 17
      vertex -13 15 17
    endloop
  endfacet
  facet normal 0 0 1
    outer loop
      vertex -11.6 21.25 17
      vertex -13.0375 15.2847 17
      vertex -13.0094 15.1436 17
    endloop
  endfacet
  facet normal 0 0 1
    outer loop
      vertex -11.6 21.25 17
      vertex -13.0837 15.421 17
      vertex -13.0375 15.2847 17
    endloop
  endfacet
  facet normal 0 0 1
    outer loop
      vertex -11.6 21.25 17
      vertex -13.1474 15.55 17
      vertex -13.0837 15.421 17
    endloop
  endfacet
  facet normal 0 0 1
    outer loop
      vertex -11.6 21.25 17
      vertex -13.2273 15.6696 17
      vertex -13.1474 15.55 17
    endloop
  endfacet
  facet normal 0 0 1
    outer loop
      vertex -11.6 21.25 17
      vertex -13.3222 15.7778 17
      vertex -13.2273 15.6696 17
    endloop
  endfacet
  facet normal 0 0 1
    outer loop
      vertex -11.6 21.25 17
      vertex -13.4304 15.8727 17
      vertex -13.3222 15.7778 17
    endloop
  endfacet
  facet normal 0 0 1
    outer loop
      vertex -11.6 21.25 17
      vertex -13.55 15.9526 17
      vertex -13.4304 15.8727 17
    endloop
  endfacet
  facet normal 0 0 1
    outer loop
      vertex -11.6 21.25 17
      vertex -13.679 16.0163 17
      vertex -13.55 15.9526 17
    endloop
  endfacet
  facet normal 0 0 1
    outer loop
      vertex -11.6 21.25 17
      vertex -13.8153 16.0625 17
      vertex -13.679 16.0163 17
    endloop
  endfacet
  facet normal 0 0 1
    outer loop
      vertex -11.6 21.25 17
      vertex -13.9564 16.0906 17
      vertex -13.8153 16.0625 17
    endloop
  endfacet
  facet normal 0 0 1
    outer loop
      vertex -11.6 21.25 17
      vertex -14.1 16.1 17
      vertex -13.9564 16.0906 17
    endloop
  endfacet
  facet normal 0 0 1
    outer loop
      vertex -11.6 21.25 17
      vertex -14.2436 16.0906 17
      vertex -14.1 16.1 17
    endloop
  endfacet
  facet normal 0 0 1
    outer loop
      vertex -11.6 21.25 17
      vertex -14.3847 16.0625 17
      vertex -14.2436 16.0906 17
    endloop
  endfacet
  facet normal 0 0 1
    outer loop
      vertex -11.6 21.25 17
      vertex -14.521 16.0163 17
      vertex -14.3847 16.0625 17
    endloop
  endfacet
  facet normal 0 0 1
    outer loop
      vertex -11.6 21.25 17
      vertex -14.65 15.9526 17
      vertex -14.521 16.0163 17
    endloop
  endfacet
  facet normal 0 0 1
    outer loop
      vertex -11.6 21.25 17
      vertex -14.7696 15.8727 17
      vertex -14.65 15.9526 17
    endloop
  endfacet
  facet normal 0 0 1
    outer loop
      vertex -11.6 21.25 17
      vertex -14.8778 15.7778 17
      vertex -14.7696 15.8727 17
    endloop
  endfacet
  facet normal 0 0 1
    outer loop
      vertex -34 30 17
      vertex -14.8778 15.7778 17
      vertex -11.6 21.25 17
    endloop
  endfacet
  facet normal 0 0 1
    outer loop
      vertex -14.8778 15.7778 17
      vertex -34 30 17
      vertex -14.9727 15.6696 17
    endloop
  endfacet
  facet normal 0 0 1
    outer loop
      vertex -15.1625 15.2847 17
      vertex -38 26 17
      vertex -15.1906 15.1436 17
    endloop
  endfacet
  facet normal -0 0 1
    outer loop
      vertex -38 26 17
      vertex -15.1625 15.2847 17
      vertex -34 30 17
    endloop
  endfacet
  facet normal 0 0 1
    outer loop
      vertex -15.1163 15.421 17
      vertex -34 30 17
      vertex -15.1625 15.2847 17
    endloop
  endfacet
  facet normal 0 0 1
    outer loop
      vertex -15.0526 15.55 17
      vertex -34 30 17
      vertex -15.1163 15.421 17
    endloop
  endfacet
  facet normal 0 0 1
    outer loop
      vertex -14.9727 15.6696 17
      vertex -34 30 17
      vertex -15.0526 15.55 17
    endloop
  endfacet
  facet normal -0 0 1
    outer loop
      vertex -34 30 17
      vertex -11.6 21.25 17
      vertex 34 30 17
    endloop
  endfacet
  facet normal 0 0 1
    outer loop
      vertex 37.4641 2 17
      vertex 34 0 17
      vertex 37.1734 1.56495 17
    endloop
  endfacet
  facet normal 0 0 1
    outer loop
      vertex 37.9658 3.47789 17
      vertex 34 0 17
      vertex 37.8637 2.96472 17
    endloop
  endfacet
  facet normal -0 0 1
    outer loop
      vertex 15.1163 14.579 17
      vertex 34 0 17
      vertex 15.1625 14.7153 17
    endloop
  endfacet
  facet normal -0 0 1
    outer loop
      vertex 15.0526 14.45 17
      vertex 34 0 17
      vertex 15.1163 14.579 17
    endloop
  endfacet
  facet normal -0 0 1
    outer loop
      vertex 14.9727 14.3304 17
      vertex 34 0 17
      vertex 15.0526 14.45 17
    endloop
  endfacet
  facet normal -0 0 1
    outer loop
      vertex 14.8778 14.2222 17
      vertex 34 0 17
      vertex 14.9727 14.3304 17
    endloop
  endfacet
  facet normal 0 0 1
    outer loop
      vertex 11.6 8.75 17
      vertex 14.8778 14.2222 17
      vertex 14.7696 14.1273 17
    endloop
  endfacet
  facet normal 0 0 1
    outer loop
      vertex 11.6 8.75 17
      vertex 14.7696 14.1273 17
      vertex 14.65 14.0474 17
    endloop
  endfacet
  facet normal 0 0 1
    outer loop
      vertex 11.6 8.75 17
      vertex 14.65 14.0474 17
      vertex 14.521 13.9837 17
    endloop
  endfacet
  facet normal 0 0 1
    outer loop
      vertex 11.6 8.75 17
      vertex 14.521 13.9837 17
      vertex 14.3847 13.9375 17
    endloop
  endfacet
  facet normal 0 0 1
    outer loop
      vertex 11.6 8.75 17
      vertex 14.3847 13.9375 17
      vertex 14.2436 13.9094 17
    endloop
  endfacet
  facet normal 0 0 1
    outer loop
      vertex 11.6 8.75 17
      vertex 14.2436 13.9094 17
      vertex 14.1 13.9 17
    endloop
  endfacet
  facet normal 0 0 1
    outer loop
      vertex 11.6 8.75 17
      vertex 14.1 13.9 17
      vertex 13.9564 13.9094 17
    endloop
  endfacet
  facet normal 0 0 1
    outer loop
      vertex 11.6 8.75 17
      vertex 13.9564 13.9094 17
      vertex 13.8153 13.9375 17
    endloop
  endfacet
  facet normal 0 0 1
    outer loop
      vertex 11.6 8.75 17
      vertex 13.8153 13.9375 17
      vertex 13.679 13.9837 17
    endloop
  endfacet
  facet normal 0 0 1
    outer loop
      vertex 11.6 8.75 17
      vertex 13.679 13.9837 17
      vertex 13.55 14.0474 17
    endloop
  endfacet
  facet normal 0 0 1
    outer loop
      vertex 11.6 8.75 17
      vertex 13.55 14.0474 17
      vertex 13.4304 14.1273 17
    endloop
  endfacet
  facet normal 0 0 1
    outer loop
      vertex 11.6 8.75 17
      vertex 13 15 17
      vertex 11.6 21.25 17
    endloop
  endfacet
  facet normal 0 0 1
    outer loop
      vertex 13 15 17
      vertex 11.6 8.75 17
      vertex 13.0094 14.8564 17
    endloop
  endfacet
  facet normal 0 0 1
    outer loop
      vertex 13.0094 14.8564 17
      vertex 11.6 8.75 17
      vertex 13.0375 14.7153 17
    endloop
  endfacet
  facet normal 0 0 1
    outer loop
      vertex 11.6 8.75 17
      vertex 13.0837 14.579 17
      vertex 13.0375 14.7153 17
    endloop
  endfacet
  facet normal 0 0 1
    outer loop
      vertex 11.6 8.75 17
      vertex 13.1474 14.45 17
      vertex 13.0837 14.579 17
    endloop
  endfacet
  facet normal 0 0 1
    outer loop
      vertex 11.6 8.75 17
      vertex 13.2273 14.3304 17
      vertex 13.1474 14.45 17
    endloop
  endfacet
  facet normal 0 0 1
    outer loop
      vertex 11.6 8.75 17
      vertex 13.3222 14.2222 17
      vertex 13.2273 14.3304 17
    endloop
  endfacet
  facet normal 0 0 1
    outer loop
      vertex 11.6 8.75 17
      vertex 13.4304 14.1273 17
      vertex 13.3222 14.2222 17
    endloop
  endfacet
  facet normal 0 0 1
    outer loop
      vertex 14.8778 14.2222 17
      vertex 11.6 8.75 17
      vertex 34 0 17
    endloop
  endfacet
  facet normal -0 0 1
    outer loop
      vertex -11.6 8.75 17
      vertex 34 0 17
      vertex 11.6 8.75 17
    endloop
  endfacet
  facet normal -0 0 1
    outer loop
      vertex -13.0094 14.8564 17
      vertex -11.6 8.75 17
      vertex -13 15 17
    endloop
  endfacet
  facet normal -0 0 1
    outer loop
      vertex -13.0375 14.7153 17
      vertex -11.6 8.75 17
      vertex -13.0094 14.8564 17
    endloop
  endfacet
  facet normal -0 0 1
    outer loop
      vertex -13.0837 14.579 17
      vertex -11.6 8.75 17
      vertex -13.0375 14.7153 17
    endloop
  endfacet
  facet normal -0 0 1
    outer loop
      vertex -13.1474 14.45 17
      vertex -11.6 8.75 17
      vertex -13.0837 14.579 17
    endloop
  endfacet
  facet normal -0 0 1
    outer loop
      vertex -13.2273 14.3304 17
      vertex -11.6 8.75 17
      vertex -13.1474 14.45 17
    endloop
  endfacet
  facet normal -0 0 1
    outer loop
      vertex -13.3222 14.2222 17
      vertex -11.6 8.75 17
      vertex -13.2273 14.3304 17
    endloop
  endfacet
  facet normal -0 0 1
    outer loop
      vertex -13.4304 14.1273 17
      vertex -11.6 8.75 17
      vertex -13.3222 14.2222 17
    endloop
  endfacet
  facet normal -0 0 1
    outer loop
      vertex -13.55 14.0474 17
      vertex -11.6 8.75 17
      vertex -13.4304 14.1273 17
    endloop
  endfacet
  facet normal -0 0 1
    outer loop
      vertex -13.679 13.9837 17
      vertex -11.6 8.75 17
      vertex -13.55 14.0474 17
    endloop
  endfacet
  facet normal -0 0 1
    outer loop
      vertex -13.8153 13.9375 17
      vertex -11.6 8.75 17
      vertex -13.679 13.9837 17
    endloop
  endfacet
  facet normal -0 0 1
    outer loop
      vertex -13.9564 13.9094 17
      vertex -11.6 8.75 17
      vertex -13.8153 13.9375 17
    endloop
  endfacet
  facet normal -0 0 1
    outer loop
      vertex -14.1 13.9 17
      vertex -11.6 8.75 17
      vertex -13.9564 13.9094 17
    endloop
  endfacet
  facet normal 0 0 1
    outer loop
      vertex -14.2436 13.9094 17
      vertex -11.6 8.75 17
      vertex -14.1 13.9 17
    endloop
  endfacet
  facet normal 0 0 1
    outer loop
      vertex -14.3847 13.9375 17
      vertex -11.6 8.75 17
      vertex -14.2436 13.9094 17
    endloop
  endfacet
  facet normal 0 0 1
    outer loop
      vertex -14.521 13.9837 17
      vertex -11.6 8.75 17
      vertex -14.3847 13.9375 17
    endloop
  endfacet
  facet normal 0 0 1
    outer loop
      vertex -14.65 14.0474 17
      vertex -11.6 8.75 17
      vertex -14.521 13.9837 17
    endloop
  endfacet
  facet normal 0 0 1
    outer loop
      vertex -14.7696 14.1273 17
      vertex -11.6 8.75 17
      vertex -14.65 14.0474 17
    endloop
  endfacet
  facet normal 0 0 1
    outer loop
      vertex -14.8778 14.2222 17
      vertex -11.6 8.75 17
      vertex -14.7696 14.1273 17
    endloop
  endfacet
  facet normal 0 0 1
    outer loop
      vertex -34 0 17
      vertex -14.8778 14.2222 17
      vertex -14.9727 14.3304 17
    endloop
  endfacet
  facet normal 0 0 1
    outer loop
      vertex -34 0 17
      vertex -14.9727 14.3304 17
      vertex -15.0526 14.45 17
    endloop
  endfacet
  facet normal 0 0 1
    outer loop
      vertex -15.1906 15.1436 17
      vertex -38 26 17
      vertex -15.2 15 17
    endloop
  endfacet
  facet normal 0 0 1
    outer loop
      vertex -38 4 17
      vertex -15.2 15 17
      vertex -38 26 17
    endloop
  endfacet
  facet normal 0 0 1
    outer loop
      vertex -15.2 15 17
      vertex -38 4 17
      vertex -15.1906 14.8564 17
    endloop
  endfacet
  facet normal 0 0 1
    outer loop
      vertex -15.1906 14.8564 17
      vertex -38 4 17
      vertex -15.1625 14.7153 17
    endloop
  endfacet
  facet normal 0 -0 1
    outer loop
      vertex -34 0 17
      vertex -15.1625 14.7153 17
      vertex -38 4 17
    endloop
  endfacet
  facet normal 0 0 1
    outer loop
      vertex -11.6 8.75 17
      vertex -34 0 17
      vertex 34 0 17
    endloop
  endfacet
  facet normal 0 0 1
    outer loop
      vertex -15.1625 14.7153 17
      vertex -34 0 17
      vertex -15.1163 14.579 17
    endloop
  endfacet
  facet normal 0 0 1
    outer loop
      vertex -38 26 17
      vertex -34 30 17
      vertex -34.5221 29.9658 17
    endloop
  endfacet
  facet normal 0 0 1
    outer loop
      vertex -15.1163 14.579 17
      vertex -34 0 17
      vertex -15.0526 14.45 17
    endloop
  endfacet
  facet normal 0 0 1
    outer loop
      vertex -38 26 17
      vertex -34.5221 29.9658 17
      vertex -35.0353 29.8637 17
    endloop
  endfacet
  facet normal 0 0 1
    outer loop
      vertex -14.8778 14.2222 17
      vertex -34 0 17
      vertex -11.6 8.75 17
    endloop
  endfacet
  facet normal 0 0 1
    outer loop
      vertex -38 26 17
      vertex -35.0353 29.8637 17
      vertex -35.5307 29.6955 17
    endloop
  endfacet
  facet normal 0 0 1
    outer loop
      vertex -34 0 17
      vertex -38 4 17
      vertex -34.5221 0.0342197 17
    endloop
  endfacet
  facet normal 0 0 1
    outer loop
      vertex -38 26 17
      vertex -35.5307 29.6955 17
      vertex -36 29.4641 17
    endloop
  endfacet
  facet normal 0 0 1
    outer loop
      vertex -34.5221 0.0342197 17
      vertex -38 4 17
      vertex -35.0353 0.136296 17
    endloop
  endfacet
  facet normal 0 0 1
    outer loop
      vertex -38 26 17
      vertex -36 29.4641 17
      vertex -36.435 29.1734 17
    endloop
  endfacet
  facet normal 0 0 1
    outer loop
      vertex -35.0353 0.136296 17
      vertex -38 4 17
      vertex -35.5307 0.304482 17
    endloop
  endfacet
  facet normal 0 0 1
    outer loop
      vertex -38 26 17
      vertex -36.435 29.1734 17
      vertex -36.8284 28.8284 17
    endloop
  endfacet
  facet normal 0 0 1
    outer loop
      vertex -35.5307 0.304482 17
      vertex -38 4 17
      vertex -36 0.535898 17
    endloop
  endfacet
  facet normal 0 0 1
    outer loop
      vertex -38 26 17
      vertex -36.8284 28.8284 17
      vertex -37.1734 28.435 17
    endloop
  endfacet
  facet normal 0 0 1
    outer loop
      vertex -36 0.535898 17
      vertex -38 4 17
      vertex -36.435 0.826586 17
    endloop
  endfacet
  facet normal 0 0 1
    outer loop
      vertex -38 26 17
      vertex -37.1734 28.435 17
      vertex -37.4641 28 17
    endloop
  endfacet
  facet normal 0 0 1
    outer loop
      vertex -36.435 0.826586 17
      vertex -38 4 17
      vertex -36.8284 1.17157 17
    endloop
  endfacet
  facet normal 0 0 1
    outer loop
      vertex -38 26 17
      vertex -37.4641 28 17
      vertex -37.6955 27.5307 17
    endloop
  endfacet
  facet normal 0 0 1
    outer loop
      vertex -36.8284 1.17157 17
      vertex -38 4 17
      vertex -37.1734 1.56495 17
    endloop
  endfacet
  facet normal 0 0 1
    outer loop
      vertex -38 26 17
      vertex -37.6955 27.5307 17
      vertex -37.8637 27.0353 17
    endloop
  endfacet
  facet normal 0 0 1
    outer loop
      vertex -37.1734 1.56495 17
      vertex -38 4 17
      vertex -37.4641 2 17
    endloop
  endfacet
  facet normal 0 0 1
    outer loop
      vertex -38 26 17
      vertex -37.8637 27.0353 17
      vertex -37.9658 26.5221 17
    endloop
  endfacet
  facet normal 0 0 1
    outer loop
      vertex -37.4641 2 17
      vertex -38 4 17
      vertex -37.6955 2.46927 17
    endloop
  endfacet
  facet normal 0 0 1
    outer loop
      vertex -37.6955 2.46927 17
      vertex -38 4 17
      vertex -37.8637 2.96472 17
    endloop
  endfacet
  facet normal 0 0 1
    outer loop
      vertex -37.8637 2.96472 17
      vertex -38 4 17
      vertex -37.9658 3.47789 17
    endloop
  endfacet
  facet normal -0.55561 -0.831443 0
    outer loop
      vertex -36.435 0.826586 0
      vertex -36 0.535898 17
      vertex -36.435 0.826586 17
    endloop
  endfacet
  facet normal -0.55561 -0.831443 -0
    outer loop
      vertex -36 0.535898 17
      vertex -36.435 0.826586 0
      vertex -36 0.535898 0
    endloop
  endfacet
  facet normal 0.94692 -0.321469 0
    outer loop
      vertex 37.6955 2.46927 17
      vertex 37.8637 2.96472 0
      vertex 37.8637 2.96472 17
    endloop
  endfacet
  facet normal 0.94692 -0.321469 0
    outer loop
      vertex 37.8637 2.96472 0
      vertex 37.6955 2.46927 17
      vertex 37.6955 2.46927 0
    endloop
  endfacet
  facet normal 0.55561 -0.831443 0
    outer loop
      vertex 36 0.535898 0
      vertex 36.435 0.826586 17
      vertex 36 0.535898 17
    endloop
  endfacet
  facet normal 0.55561 -0.831443 0
    outer loop
      vertex 36.435 0.826586 17
      vertex 36 0.535898 0
      vertex 36.435 0.826586 0
    endloop
  endfacet
  facet normal -0.321474 -0.946918 0
    outer loop
      vertex -35.5307 0.304482 0
      vertex -35.0353 0.136296 17
      vertex -35.5307 0.304482 17
    endloop
  endfacet
  facet normal -0.321474 -0.946918 -0
    outer loop
      vertex -35.0353 0.136296 17
      vertex -35.5307 0.304482 0
      vertex -35.0353 0.136296 0
    endloop
  endfacet
  facet normal -0.997862 -0.0653634 0
    outer loop
      vertex -37.9658 3.47789 0
      vertex -38 4 17
      vertex -38 4 0
    endloop
  endfacet
  facet normal -0.997862 -0.0653634 0
    outer loop
      vertex -38 4 17
      vertex -37.9658 3.47789 0
      vertex -37.9658 3.47789 17
    endloop
  endfacet
  facet normal -0.555626 0.831432 0
    outer loop
      vertex -36 29.4641 0
      vertex -36.435 29.1734 17
      vertex -36 29.4641 17
    endloop
  endfacet
  facet normal -0.555626 0.831432 0
    outer loop
      vertex -36.435 29.1734 17
      vertex -36 29.4641 0
      vertex -36.435 29.1734 0
    endloop
  endfacet
  facet normal 0 0 -1
    outer loop
      vertex 20 67.5 0
      vertex 17 69 0
      vertex 20 70.5 0
    endloop
  endfacet
  facet normal 0 0 -1
    outer loop
      vertex 20 62 0
      vertex 17 63.5 0
      vertex 20 65 0
    endloop
  endfacet
  facet normal 0 0 -1
    outer loop
      vertex 20 56.5 0
      vertex 17 58 0
      vertex 20 59.5 0
    endloop
  endfacet
  facet normal 0 0 -1
    outer loop
      vertex 20 51 0
      vertex 17 52.5 0
      vertex 20 54 0
    endloop
  endfacet
  facet normal 0 0 -1
    outer loop
      vertex 20 45.5 0
      vertex 17 47 0
      vertex 20 48.5 0
    endloop
  endfacet
  facet normal 0 0 -1
    outer loop
      vertex 34 0 0
      vertex 38 4 0
      vertex 37.9658 3.47789 0
    endloop
  endfacet
  facet normal 0 0 -1
    outer loop
      vertex 38 4 0
      vertex 15.2 15 0
      vertex 38 26 0
    endloop
  endfacet
  facet normal 0 0 -1
    outer loop
      vertex 34 0 0
      vertex 37.9658 3.47789 0
      vertex 37.8637 2.96472 0
    endloop
  endfacet
  facet normal 0 0 -1
    outer loop
      vertex 15.1906 15.1436 0
      vertex 38 26 0
      vertex 15.2 15 0
    endloop
  endfacet
  facet normal 0 0 -1
    outer loop
      vertex 34 0 0
      vertex 37.8637 2.96472 0
      vertex 37.6955 2.46927 0
    endloop
  endfacet
  facet normal 0 -0 -1
    outer loop
      vertex 28 30 0
      vertex 38 26 0
      vertex 15.1906 15.1436 0
    endloop
  endfacet
  facet normal 0 0 -1
    outer loop
      vertex 34 0 0
      vertex 37.6955 2.46927 0
      vertex 37.4641 2 0
    endloop
  endfacet
  facet normal 0 0 -1
    outer loop
      vertex 38 26 0
      vertex 34 30 0
      vertex 37.9658 26.5221 0
    endloop
  endfacet
  facet normal 0 0 -1
    outer loop
      vertex 34 0 0
      vertex 37.4641 2 0
      vertex 37.1734 1.56495 0
    endloop
  endfacet
  facet normal 0 0 -1
    outer loop
      vertex 37.9658 26.5221 0
      vertex 34 30 0
      vertex 37.8637 27.0353 0
    endloop
  endfacet
  facet normal 0 0 -1
    outer loop
      vertex 34 0 0
      vertex 37.1734 1.56495 0
      vertex 36.8284 1.17157 0
    endloop
  endfacet
  facet normal 0 0 -1
    outer loop
      vertex 37.8637 27.0353 0
      vertex 34 30 0
      vertex 37.6955 27.5307 0
    endloop
  endfacet
  facet normal 0 0 -1
    outer loop
      vertex 34 0 0
      vertex 36.8284 1.17157 0
      vertex 36.435 0.826586 0
    endloop
  endfacet
  facet normal 0 0 -1
    outer loop
      vertex 37.4641 28 0
      vertex 34 30 0
      vertex 37.1734 28.435 0
    endloop
  endfacet
  facet normal 0 0 -1
    outer loop
      vertex 34 0 0
      vertex 36.435 0.826586 0
      vertex 36 0.535898 0
    endloop
  endfacet
  facet normal -0 0 -1
    outer loop
      vertex 38 4 0
      vertex 34 0 0
      vertex 15.1625 14.7153 0
    endloop
  endfacet
  facet normal 0 0 -1
    outer loop
      vertex 34 0 0
      vertex 36 0.535898 0
      vertex 35.5307 0.304482 0
    endloop
  endfacet
  facet normal 0 0 -1
    outer loop
      vertex 37.1734 28.435 0
      vertex 34 30 0
      vertex 36.8284 28.8284 0
    endloop
  endfacet
  facet normal 0 0 -1
    outer loop
      vertex 34 0 0
      vertex 35.5307 0.304482 0
      vertex 35.0353 0.136296 0
    endloop
  endfacet
  facet normal 0 0 -1
    outer loop
      vertex 36.435 29.1734 0
      vertex 34 30 0
      vertex 36 29.4641 0
    endloop
  endfacet
  facet normal 0 0 -1
    outer loop
      vertex 34 0 0
      vertex 35.0353 0.136296 0
      vertex 34.5221 0.0342197 0
    endloop
  endfacet
  facet normal 0 0 -1
    outer loop
      vertex 36 29.4641 0
      vertex 34 30 0
      vertex 35.5307 29.6955 0
    endloop
  endfacet
  facet normal 0 0 -1
    outer loop
      vertex 35.5307 29.6955 0
      vertex 34 30 0
      vertex 35.0353 29.8637 0
    endloop
  endfacet
  facet normal 0 0 -1
    outer loop
      vertex 35.0353 29.8637 0
      vertex 34 30 0
      vertex 34.5221 29.9658 0
    endloop
  endfacet
  facet normal 0 0 -1
    outer loop
      vertex 36.8284 28.8284 0
      vertex 34 30 0
      vertex 36.435 29.1734 0
    endloop
  endfacet
  facet normal 0 0 -1
    outer loop
      vertex 20 54 0
      vertex 28 78 0
      vertex 28 30 0
    endloop
  endfacet
  facet normal 0 0 -1
    outer loop
      vertex 20 45.5 0
      vertex 28 30 0
      vertex 20 30 0
    endloop
  endfacet
  facet normal 0 0 -1
    outer loop
      vertex 37.6955 27.5307 0
      vertex 34 30 0
      vertex 37.4641 28 0
    endloop
  endfacet
  facet normal -0 -0 -1
    outer loop
      vertex 34 30 0
      vertex 38 26 0
      vertex 28 30 0
    endloop
  endfacet
  facet normal 0 0 -1
    outer loop
      vertex 38 4 0
      vertex 15.1906 14.8564 0
      vertex 15.2 15 0
    endloop
  endfacet
  facet normal 0 0 -1
    outer loop
      vertex 38 4 0
      vertex 15.1625 14.7153 0
      vertex 15.1906 14.8564 0
    endloop
  endfacet
  facet normal 0 0 -1
    outer loop
      vertex 34 0 0
      vertex 15.1163 14.579 0
      vertex 15.1625 14.7153 0
    endloop
  endfacet
  facet normal 0 0 -1
    outer loop
      vertex 34 0 0
      vertex 15.0526 14.45 0
      vertex 15.1163 14.579 0
    endloop
  endfacet
  facet normal 0 0 -1
    outer loop
      vertex 34 0 0
      vertex 14.9727 14.3304 0
      vertex 15.0526 14.45 0
    endloop
  endfacet
  facet normal 0 0 -1
    outer loop
      vertex 34 0 0
      vertex 14.8778 14.2222 0
      vertex 14.9727 14.3304 0
    endloop
  endfacet
  facet normal 0 0 -1
    outer loop
      vertex 34 0 0
      vertex 14.7696 14.1273 0
      vertex 14.8778 14.2222 0
    endloop
  endfacet
  facet normal 0 0 -1
    outer loop
      vertex 34 0 0
      vertex 14.65 14.0474 0
      vertex 14.7696 14.1273 0
    endloop
  endfacet
  facet normal 0 0 -1
    outer loop
      vertex 34 0 0
      vertex 14.521 13.9837 0
      vertex 14.65 14.0474 0
    endloop
  endfacet
  facet normal 0 0 -1
    outer loop
      vertex 34 0 0
      vertex 14.3847 13.9375 0
      vertex 14.521 13.9837 0
    endloop
  endfacet
  facet normal 0 0 -1
    outer loop
      vertex 34 0 0
      vertex 14.2436 13.9094 0
      vertex 14.3847 13.9375 0
    endloop
  endfacet
  facet normal 0 0 -1
    outer loop
      vertex 34 0 0
      vertex 14.1 13.9 0
      vertex 14.2436 13.9094 0
    endloop
  endfacet
  facet normal 0 0 -1
    outer loop
      vertex 34 0 0
      vertex 13.9564 13.9094 0
      vertex 14.1 13.9 0
    endloop
  endfacet
  facet normal 0 0 -1
    outer loop
      vertex 0.956708 12.6903 0
      vertex 13.9564 13.9094 0
      vertex 34 0 0
    endloop
  endfacet
  facet normal -0 0 -1
    outer loop
      vertex 13.9564 13.9094 0
      vertex 0.956708 12.6903 0
      vertex 13.8153 13.9375 0
    endloop
  endfacet
  facet normal 0 -0 -1
    outer loop
      vertex 1.25 12.8349 0
      vertex 13.8153 13.9375 0
      vertex 0.956708 12.6903 0
    endloop
  endfacet
  facet normal -0 0 -1
    outer loop
      vertex 13.8153 13.9375 0
      vertex 1.25 12.8349 0
      vertex 13.679 13.9837 0
    endloop
  endfacet
  facet normal 0 0 -1
    outer loop
      vertex 13.0094 14.8564 0
      vertex 2.5 15 0
      vertex 13 15 0
    endloop
  endfacet
  facet normal 0 0 -1
    outer loop
      vertex 2.47861 14.6737 0
      vertex 13.0094 14.8564 0
      vertex 13.0375 14.7153 0
    endloop
  endfacet
  facet normal 0 0 -1
    outer loop
      vertex 2.41481 14.353 0
      vertex 13.0375 14.7153 0
      vertex 13.0837 14.579 0
    endloop
  endfacet
  facet normal 0 0 -1
    outer loop
      vertex 2.3097 14.0433 0
      vertex 13.0837 14.579 0
      vertex 13.1474 14.45 0
    endloop
  endfacet
  facet normal 0 0 -1
    outer loop
      vertex 2.16506 13.75 0
      vertex 13.1474 14.45 0
      vertex 13.2273 14.3304 0
    endloop
  endfacet
  facet normal 0 0 -1
    outer loop
      vertex 1.98338 13.4781 0
      vertex 13.2273 14.3304 0
      vertex 13.3222 14.2222 0
    endloop
  endfacet
  facet normal 0 0 -1
    outer loop
      vertex 1.98338 13.4781 0
      vertex 13.3222 14.2222 0
      vertex 13.4304 14.1273 0
    endloop
  endfacet
  facet normal 0 -0 -1
    outer loop
      vertex 1.5219 13.0166 0
      vertex 13.679 13.9837 0
      vertex 1.25 12.8349 0
    endloop
  endfacet
  facet normal -0 0 -1
    outer loop
      vertex 13.0094 14.8564 0
      vertex 2.47861 14.6737 0
      vertex 2.5 15 0
    endloop
  endfacet
  facet normal 0 0 -1
    outer loop
      vertex 13.0375 14.7153 0
      vertex 2.41481 14.353 0
      vertex 2.47861 14.6737 0
    endloop
  endfacet
  facet normal 0 0 -1
    outer loop
      vertex 13.0837 14.579 0
      vertex 2.3097 14.0433 0
      vertex 2.41481 14.353 0
    endloop
  endfacet
  facet normal 0 0 -1
    outer loop
      vertex 13.1474 14.45 0
      vertex 2.16506 13.75 0
      vertex 2.3097 14.0433 0
    endloop
  endfacet
  facet normal 0 0 -1
    outer loop
      vertex 13.2273 14.3304 0
      vertex 1.98338 13.4781 0
      vertex 2.16506 13.75 0
    endloop
  endfacet
  facet normal 0 0 -1
    outer loop
      vertex 13.4304 14.1273 0
      vertex 1.76777 13.2322 0
      vertex 1.98338 13.4781 0
    endloop
  endfacet
  facet normal -0 0 -1
    outer loop
      vertex 13.55 14.0474 0
      vertex 1.76777 13.2322 0
      vertex 13.4304 14.1273 0
    endloop
  endfacet
  facet normal 0 -0 -1
    outer loop
      vertex 1.76777 13.2322 0
      vertex 13.55 14.0474 0
      vertex 1.5219 13.0166 0
    endloop
  endfacet
  facet normal -0 0 -1
    outer loop
      vertex 13.679 13.9837 0
      vertex 1.5219 13.0166 0
      vertex 13.55 14.0474 0
    endloop
  endfacet
  facet normal 0 0 -1
    outer loop
      vertex 34 0 0
      vertex 0.647047 12.5852 0
      vertex 0.956708 12.6903 0
    endloop
  endfacet
  facet normal 0 0 -1
    outer loop
      vertex 34 0 0
      vertex 0.326315 12.5214 0
      vertex 0.647047 12.5852 0
    endloop
  endfacet
  facet normal 0 0 -1
    outer loop
      vertex 34 0 0
      vertex 0 12.5 0
      vertex 0.326315 12.5214 0
    endloop
  endfacet
  facet normal 0 0 -1
    outer loop
      vertex -34 0 0
      vertex 0 12.5 0
      vertex 34 0 0
    endloop
  endfacet
  facet normal -0 0 -1
    outer loop
      vertex 0 12.5 0
      vertex -34 0 0
      vertex -0.326315 12.5214 0
    endloop
  endfacet
  facet normal -0 0 -1
    outer loop
      vertex -0.326315 12.5214 0
      vertex -34 0 0
      vertex -0.647047 12.5852 0
    endloop
  endfacet
  facet normal 0 0 -1
    outer loop
      vertex -13.0094 14.8564 0
      vertex -2.5 15 0
      vertex -2.47861 14.6737 0
    endloop
  endfacet
  facet normal 0 0 -1
    outer loop
      vertex -13.0375 14.7153 0
      vertex -2.47861 14.6737 0
      vertex -2.41481 14.353 0
    endloop
  endfacet
  facet normal 0 0 -1
    outer loop
      vertex -13.0837 14.579 0
      vertex -2.41481 14.353 0
      vertex -2.3097 14.0433 0
    endloop
  endfacet
  facet normal 0 0 -1
    outer loop
      vertex -13.1474 14.45 0
      vertex -2.3097 14.0433 0
      vertex -2.16506 13.75 0
    endloop
  endfacet
  facet normal 0 0 -1
    outer loop
      vertex -13.2273 14.3304 0
      vertex -2.16506 13.75 0
      vertex -1.98338 13.4781 0
    endloop
  endfacet
  facet normal 0 0 -1
    outer loop
      vertex -13.4304 14.1273 0
      vertex -1.98338 13.4781 0
      vertex -1.76777 13.2322 0
    endloop
  endfacet
  facet normal 0 0 -1
    outer loop
      vertex -13.55 14.0474 0
      vertex -1.76777 13.2322 0
      vertex -1.5219 13.0166 0
    endloop
  endfacet
  facet normal 0 0 -1
    outer loop
      vertex -13.679 13.9837 0
      vertex -1.5219 13.0166 0
      vertex -1.25 12.8349 0
    endloop
  endfacet
  facet normal 0 0 -1
    outer loop
      vertex -13.8153 13.9375 0
      vertex -1.25 12.8349 0
      vertex -0.956708 12.6903 0
    endloop
  endfacet
  facet normal -0 0 -1
    outer loop
      vertex -0.647047 12.5852 0
      vertex -34 0 0
      vertex -0.956708 12.6903 0
    endloop
  endfacet
  facet normal -0 0 -1
    outer loop
      vertex -2.5 15 0
      vertex -13.0094 14.8564 0
      vertex -13 15 0
    endloop
  endfacet
  facet normal 0 0 -1
    outer loop
      vertex -2.47861 14.6737 0
      vertex -13.0375 14.7153 0
      vertex -13.0094 14.8564 0
    endloop
  endfacet
  facet normal 0 0 -1
    outer loop
      vertex -2.41481 14.353 0
      vertex -13.0837 14.579 0
      vertex -13.0375 14.7153 0
    endloop
  endfacet
  facet normal 0 0 -1
    outer loop
      vertex -2.3097 14.0433 0
      vertex -13.1474 14.45 0
      vertex -13.0837 14.579 0
    endloop
  endfacet
  facet normal 0 0 -1
    outer loop
      vertex -2.16506 13.75 0
      vertex -13.2273 14.3304 0
      vertex -13.1474 14.45 0
    endloop
  endfacet
  facet normal 0 0 -1
    outer loop
      vertex -1.98338 13.4781 0
      vertex -13.3222 14.2222 0
      vertex -13.2273 14.3304 0
    endloop
  endfacet
  facet normal 0 0 -1
    outer loop
      vertex -1.98338 13.4781 0
      vertex -13.4304 14.1273 0
      vertex -13.3222 14.2222 0
    endloop
  endfacet
  facet normal 0 0 -1
    outer loop
      vertex -1.76777 13.2322 0
      vertex -13.55 14.0474 0
      vertex -13.4304 14.1273 0
    endloop
  endfacet
  facet normal 0 0 -1
    outer loop
      vertex -1.5219 13.0166 0
      vertex -13.679 13.9837 0
      vertex -13.55 14.0474 0
    endloop
  endfacet
  facet normal 0 0 -1
    outer loop
      vertex -1.25 12.8349 0
      vertex -13.8153 13.9375 0
      vertex -13.679 13.9837 0
    endloop
  endfacet
  facet normal 0 -0 -1
    outer loop
      vertex -13.9564 13.9094 0
      vertex -0.956708 12.6903 0
      vertex -34 0 0
    endloop
  endfacet
  facet normal 0 0 -1
    outer loop
      vertex -0.956708 12.6903 0
      vertex -13.9564 13.9094 0
      vertex -13.8153 13.9375 0
    endloop
  endfacet
  facet normal 0 0 -1
    outer loop
      vertex -13.9564 13.9094 0
      vertex -34 0 0
      vertex -14.1 13.9 0
    endloop
  endfacet
  facet normal -0 0 -1
    outer loop
      vertex -14.1 13.9 0
      vertex -34 0 0
      vertex -14.2436 13.9094 0
    endloop
  endfacet
  facet normal 0 0 -1
    outer loop
      vertex -38 4 0
      vertex -15.2 15 0
      vertex -15.1906 14.8564 0
    endloop
  endfacet
  facet normal 0 0 -1
    outer loop
      vertex -38 4 0
      vertex -15.1906 14.8564 0
      vertex -15.1625 14.7153 0
    endloop
  endfacet
  facet normal 0 0 -1
    outer loop
      vertex -28 30 0
      vertex -20 45.5 0
      vertex -20 30 0
    endloop
  endfacet
  facet normal -0 0 -1
    outer loop
      vertex -20 45.5 0
      vertex -28 30 0
      vertex -20 48.5 0
    endloop
  endfacet
  facet normal -0 0 -1
    outer loop
      vertex -20 48.5 0
      vertex -28 30 0
      vertex -20 51 0
    endloop
  endfacet
  facet normal -0 0 -1
    outer loop
      vertex -20 51 0
      vertex -28 30 0
      vertex -20 54 0
    endloop
  endfacet
  facet normal 0 0 -1
    outer loop
      vertex -28 78 0
      vertex -20 54 0
      vertex -28 30 0
    endloop
  endfacet
  facet normal 0 0 -1
    outer loop
      vertex -20 54 0
      vertex -28 78 0
      vertex -20 56.5 0
    endloop
  endfacet
  facet normal 0 0 -1
    outer loop
      vertex -20 56.5 0
      vertex -28 78 0
      vertex -20 59.5 0
    endloop
  endfacet
  facet normal 0 0 -1
    outer loop
      vertex -20 59.5 0
      vertex -28 78 0
      vertex -20 62 0
    endloop
  endfacet
  facet normal 0 0 -1
    outer loop
      vertex -20 62 0
      vertex -28 78 0
      vertex -20 65 0
    endloop
  endfacet
  facet normal 0 0 -1
    outer loop
      vertex -20 65 0
      vertex -28 78 0
      vertex -20 67.5 0
    endloop
  endfacet
  facet normal 0 0 -1
    outer loop
      vertex -20 70.5 0
      vertex -24 78 0
      vertex -20 78 0
    endloop
  endfacet
  facet normal 0 0 -1
    outer loop
      vertex -20 78 0
      vertex -24 78 0
      vertex -20 87.6 0
    endloop
  endfacet
  facet normal 0 0 -1
    outer loop
      vertex -20 67.5 0
      vertex -28 78 0
      vertex -20 70.5 0
    endloop
  endfacet
  facet normal 0 0 -1
    outer loop
      vertex -15.2 15 0
      vertex -28 30 0
      vertex -20 30 0
    endloop
  endfacet
  facet normal 0 0 -1
    outer loop
      vertex -34 0 0
      vertex -15.1625 14.7153 0
      vertex -15.1163 14.579 0
    endloop
  endfacet
  facet normal 0 0 -1
    outer loop
      vertex -34 0 0
      vertex -15.1163 14.579 0
      vertex -15.0526 14.45 0
    endloop
  endfacet
  facet normal 0 0 -1
    outer loop
      vertex -34 0 0
      vertex -15.0526 14.45 0
      vertex -14.9727 14.3304 0
    endloop
  endfacet
  facet normal -0 0 -1
    outer loop
      vertex -14.2436 13.9094 0
      vertex -34 0 0
      vertex -14.3847 13.9375 0
    endloop
  endfacet
  facet normal 0 0 -1
    outer loop
      vertex -34 0 0
      vertex -14.521 13.9837 0
      vertex -14.3847 13.9375 0
    endloop
  endfacet
  facet normal 0 0 -1
    outer loop
      vertex -34 0 0
      vertex -14.65 14.0474 0
      vertex -14.521 13.9837 0
    endloop
  endfacet
  facet normal 0 0 -1
    outer loop
      vertex -34 0 0
      vertex -14.7696 14.1273 0
      vertex -14.65 14.0474 0
    endloop
  endfacet
  facet normal 0 0 -1
    outer loop
      vertex -34 0 0
      vertex -14.8778 14.2222 0
      vertex -14.7696 14.1273 0
    endloop
  endfacet
  facet normal 0 0 -1
    outer loop
      vertex -34 0 0
      vertex -14.9727 14.3304 0
      vertex -14.8778 14.2222 0
    endloop
  endfacet
  facet normal 0 0 -1
    outer loop
      vertex -15.1625 14.7153 0
      vertex -34 0 0
      vertex -38 4 0
    endloop
  endfacet
  facet normal -0 0 -1
    outer loop
      vertex -15.2 15 0
      vertex -38 4 0
      vertex -38 26 0
    endloop
  endfacet
  facet normal 0 0 -1
    outer loop
      vertex -38 4 0
      vertex -34 0 0
      vertex -34.5221 0.0342197 0
    endloop
  endfacet
  facet normal 0 0 -1
    outer loop
      vertex -15.2 15 0
      vertex -38 26 0
      vertex -28 30 0
    endloop
  endfacet
  facet normal 0 0 -1
    outer loop
      vertex -38 4 0
      vertex -34.5221 0.0342197 0
      vertex -35.0353 0.136296 0
    endloop
  endfacet
  facet normal -0 0 -1
    outer loop
      vertex -28 30 0
      vertex -38 26 0
      vertex -34 30 0
    endloop
  endfacet
  facet normal 0 0 -1
    outer loop
      vertex -38 4 0
      vertex -35.0353 0.136296 0
      vertex -35.5307 0.304482 0
    endloop
  endfacet
  facet normal 0 0 -1
    outer loop
      vertex -34 30 0
      vertex -38 26 0
      vertex -34.5221 29.9658 0
    endloop
  endfacet
  facet normal 0 0 -1
    outer loop
      vertex -38 4 0
      vertex -35.5307 0.304482 0
      vertex -36 0.535898 0
    endloop
  endfacet
  facet normal 0 0 -1
    outer loop
      vertex -34.5221 29.9658 0
      vertex -38 26 0
      vertex -35.0353 29.8637 0
    endloop
  endfacet
  facet normal 0 0 -1
    outer loop
      vertex -38 4 0
      vertex -36 0.535898 0
      vertex -36.435 0.826586 0
    endloop
  endfacet
  facet normal 0 0 -1
    outer loop
      vertex -35.0353 29.8637 0
      vertex -38 26 0
      vertex -35.5307 29.6955 0
    endloop
  endfacet
  facet normal 0 0 -1
    outer loop
      vertex -38 4 0
      vertex -36.435 0.826586 0
      vertex -36.8284 1.17157 0
    endloop
  endfacet
  facet normal 0 0 -1
    outer loop
      vertex -35.5307 29.6955 0
      vertex -38 26 0
      vertex -36 29.4641 0
    endloop
  endfacet
  facet normal 0 0 -1
    outer loop
      vertex -38 4 0
      vertex -36.8284 1.17157 0
      vertex -37.1734 1.56495 0
    endloop
  endfacet
  facet normal 0 0 -1
    outer loop
      vertex -36 29.4641 0
      vertex -38 26 0
      vertex -36.435 29.1734 0
    endloop
  endfacet
  facet normal 0 0 -1
    outer loop
      vertex -38 4 0
      vertex -37.1734 1.56495 0
      vertex -37.4641 2 0
    endloop
  endfacet
  facet normal 0 0 -1
    outer loop
      vertex -36.435 29.1734 0
      vertex -38 26 0
      vertex -36.8284 28.8284 0
    endloop
  endfacet
  facet normal 0 0 -1
    outer loop
      vertex -38 4 0
      vertex -37.4641 2 0
      vertex -37.6955 2.46927 0
    endloop
  endfacet
  facet normal 0 0 -1
    outer loop
      vertex -36.8284 28.8284 0
      vertex -38 26 0
      vertex -37.1734 28.435 0
    endloop
  endfacet
  facet normal 0 0 -1
    outer loop
      vertex -38 4 0
      vertex -37.6955 2.46927 0
      vertex -37.8637 2.96472 0
    endloop
  endfacet
  facet normal 0 0 -1
    outer loop
      vertex -37.1734 28.435 0
      vertex -38 26 0
      vertex -37.4641 28 0
    endloop
  endfacet
  facet normal 0 0 -1
    outer loop
      vertex -38 4 0
      vertex -37.8637 2.96472 0
      vertex -37.9658 3.47789 0
    endloop
  endfacet
  facet normal 0 0 -1
    outer loop
      vertex -37.4641 28 0
      vertex -38 26 0
      vertex -37.6955 27.5307 0
    endloop
  endfacet
  facet normal 0 0 -1
    outer loop
      vertex -37.6955 27.5307 0
      vertex -38 26 0
      vertex -37.8637 27.0353 0
    endloop
  endfacet
  facet normal 0 0 -1
    outer loop
      vertex -37.8637 27.0353 0
      vertex -38 26 0
      vertex -37.9658 26.5221 0
    endloop
  endfacet
  facet normal 0 0 -1
    outer loop
      vertex 20 48.5 0
      vertex 28 30 0
      vertex 20 45.5 0
    endloop
  endfacet
  facet normal 0 0 -1
    outer loop
      vertex 20 51 0
      vertex 28 30 0
      vertex 20 48.5 0
    endloop
  endfacet
  facet normal 0 0 -1
    outer loop
      vertex 20 54 0
      vertex 28 30 0
      vertex 20 51 0
    endloop
  endfacet
  facet normal 0 0 -1
    outer loop
      vertex 28 78 0
      vertex 20 54 0
      vertex 20 56.5 0
    endloop
  endfacet
  facet normal 0 0 -1
    outer loop
      vertex 20 59.5 0
      vertex 28 78 0
      vertex 20 56.5 0
    endloop
  endfacet
  facet normal 0 0 -1
    outer loop
      vertex 20 62 0
      vertex 28 78 0
      vertex 20 59.5 0
    endloop
  endfacet
  facet normal 0 0 -1
    outer loop
      vertex 20 65 0
      vertex 28 78 0
      vertex 20 62 0
    endloop
  endfacet
  facet normal 0 0 -1
    outer loop
      vertex 20 67.5 0
      vertex 28 78 0
      vertex 20 65 0
    endloop
  endfacet
  facet normal 0 0 -1
    outer loop
      vertex 20 70.5 0
      vertex 28 78 0
      vertex 20 67.5 0
    endloop
  endfacet
  facet normal -0 0 -1
    outer loop
      vertex 28 78 0
      vertex 20 70.5 0
      vertex 24 78 0
    endloop
  endfacet
  facet normal 0 0 -1
    outer loop
      vertex 20 78 0
      vertex 24 78 0
      vertex 20 70.5 0
    endloop
  endfacet
  facet normal 0 0 -1
    outer loop
      vertex 20 78 0
      vertex 20 87.6 0
      vertex 24 78 0
    endloop
  endfacet
  facet normal 0 -0 -1
    outer loop
      vertex 20 87.6 0
      vertex 20 78 0
      vertex 13.6 82.8 0
    endloop
  endfacet
  facet normal 0 0 -1
    outer loop
      vertex 15.1625 15.2847 0
      vertex 28 30 0
      vertex 15.1906 15.1436 0
    endloop
  endfacet
  facet normal 0 0 -1
    outer loop
      vertex 15.1163 15.421 0
      vertex 28 30 0
      vertex 15.1625 15.2847 0
    endloop
  endfacet
  facet normal 0 0 -1
    outer loop
      vertex 15.0526 15.55 0
      vertex 28 30 0
      vertex 15.1163 15.421 0
    endloop
  endfacet
  facet normal -0 0 -1
    outer loop
      vertex 28 30 0
      vertex 15.0526 15.55 0
      vertex 20 30 0
    endloop
  endfacet
  facet normal 0 0 -1
    outer loop
      vertex 14.9727 15.6696 0
      vertex 20 30 0
      vertex 15.0526 15.55 0
    endloop
  endfacet
  facet normal 0 0 -1
    outer loop
      vertex 14.8778 15.7778 0
      vertex 20 30 0
      vertex 14.9727 15.6696 0
    endloop
  endfacet
  facet normal 0 0 -1
    outer loop
      vertex 14.7696 15.8727 0
      vertex 20 30 0
      vertex 14.8778 15.7778 0
    endloop
  endfacet
  facet normal 0 0 -1
    outer loop
      vertex 14.65 15.9526 0
      vertex 20 30 0
      vertex 14.7696 15.8727 0
    endloop
  endfacet
  facet normal 0 0 -1
    outer loop
      vertex 14.521 16.0163 0
      vertex 20 30 0
      vertex 14.65 15.9526 0
    endloop
  endfacet
  facet normal 0 0 -1
    outer loop
      vertex 14.3847 16.0625 0
      vertex 20 30 0
      vertex 14.521 16.0163 0
    endloop
  endfacet
  facet normal 0 0 -1
    outer loop
      vertex 14.2436 16.0906 0
      vertex 20 30 0
      vertex 14.3847 16.0625 0
    endloop
  endfacet
  facet normal 0 0 -1
    outer loop
      vertex 14.1 16.1 0
      vertex 20 30 0
      vertex 14.2436 16.0906 0
    endloop
  endfacet
  facet normal 0 0 -1
    outer loop
      vertex 13.9564 16.0906 0
      vertex 20 30 0
      vertex 14.1 16.1 0
    endloop
  endfacet
  facet normal 0 0 -1
    outer loop
      vertex 13.8153 16.0625 0
      vertex 20 30 0
      vertex 13.9564 16.0906 0
    endloop
  endfacet
  facet normal 0 0 -1
    outer loop
      vertex 13.679 16.0163 0
      vertex 20 30 0
      vertex 13.8153 16.0625 0
    endloop
  endfacet
  facet normal 0 0 -1
    outer loop
      vertex 1.5219 16.9834 0
      vertex 13.679 16.0163 0
      vertex 13.55 15.9526 0
    endloop
  endfacet
  facet normal 0 0 -1
    outer loop
      vertex 1.76777 16.7678 0
      vertex 13.55 15.9526 0
      vertex 13.4304 15.8727 0
    endloop
  endfacet
  facet normal 0 0 -1
    outer loop
      vertex 1.98338 16.5219 0
      vertex 13.4304 15.8727 0
      vertex 13.3222 15.7778 0
    endloop
  endfacet
  facet normal 0 0 -1
    outer loop
      vertex 1.98338 16.5219 0
      vertex 13.3222 15.7778 0
      vertex 13.2273 15.6696 0
    endloop
  endfacet
  facet normal 0 0 -1
    outer loop
      vertex 2.16506 16.25 0
      vertex 13.2273 15.6696 0
      vertex 13.1474 15.55 0
    endloop
  endfacet
  facet normal 0 0 -1
    outer loop
      vertex 2.3097 15.9567 0
      vertex 13.1474 15.55 0
      vertex 13.0837 15.421 0
    endloop
  endfacet
  facet normal 0 0 -1
    outer loop
      vertex 2.5 15 0
      vertex 13.0094 15.1436 0
      vertex 13 15 0
    endloop
  endfacet
  facet normal 0 0 -1
    outer loop
      vertex 2.47861 15.3263 0
      vertex 13.0094 15.1436 0
      vertex 2.5 15 0
    endloop
  endfacet
  facet normal 0 0 -1
    outer loop
      vertex 13.0094 15.1436 0
      vertex 2.47861 15.3263 0
      vertex 13.0375 15.2847 0
    endloop
  endfacet
  facet normal 0 0 -1
    outer loop
      vertex 2.41481 15.647 0
      vertex 13.0375 15.2847 0
      vertex 2.47861 15.3263 0
    endloop
  endfacet
  facet normal 0 0 -1
    outer loop
      vertex 13.0375 15.2847 0
      vertex 2.41481 15.647 0
      vertex 13.0837 15.421 0
    endloop
  endfacet
  facet normal 0 0 -1
    outer loop
      vertex 2.3097 15.9567 0
      vertex 13.0837 15.421 0
      vertex 2.41481 15.647 0
    endloop
  endfacet
  facet normal 0 0 -1
    outer loop
      vertex 13.1474 15.55 0
      vertex 2.3097 15.9567 0
      vertex 2.16506 16.25 0
    endloop
  endfacet
  facet normal 0 0 -1
    outer loop
      vertex 13.2273 15.6696 0
      vertex 2.16506 16.25 0
      vertex 1.98338 16.5219 0
    endloop
  endfacet
  facet normal 0 0 -1
    outer loop
      vertex 13.4304 15.8727 0
      vertex 1.98338 16.5219 0
      vertex 1.76777 16.7678 0
    endloop
  endfacet
  facet normal 0 0 -1
    outer loop
      vertex 13.55 15.9526 0
      vertex 1.76777 16.7678 0
      vertex 1.5219 16.9834 0
    endloop
  endfacet
  facet normal 0 0 -1
    outer loop
      vertex 13.679 16.0163 0
      vertex 1.5219 16.9834 0
      vertex 20 30 0
    endloop
  endfacet
  facet normal 0 0 -1
    outer loop
      vertex 1.25 17.1651 0
      vertex 20 30 0
      vertex 1.5219 16.9834 0
    endloop
  endfacet
  facet normal 0 0 -1
    outer loop
      vertex 0.956708 17.3097 0
      vertex 20 30 0
      vertex 1.25 17.1651 0
    endloop
  endfacet
  facet normal 0 0 -1
    outer loop
      vertex 0.647047 17.4148 0
      vertex 20 30 0
      vertex 0.956708 17.3097 0
    endloop
  endfacet
  facet normal 0 0 -1
    outer loop
      vertex 0.326315 17.4786 0
      vertex 20 30 0
      vertex 0.647047 17.4148 0
    endloop
  endfacet
  facet normal 0 0 -1
    outer loop
      vertex 0 17.5 0
      vertex 20 30 0
      vertex 0.326315 17.4786 0
    endloop
  endfacet
  facet normal 0 0 -1
    outer loop
      vertex -20 30 0
      vertex 0 17.5 0
      vertex -0.326315 17.4786 0
    endloop
  endfacet
  facet normal 0 0 -1
    outer loop
      vertex -20 30 0
      vertex -0.326315 17.4786 0
      vertex -0.647047 17.4148 0
    endloop
  endfacet
  facet normal 0 0 -1
    outer loop
      vertex -20 30 0
      vertex -0.647047 17.4148 0
      vertex -0.956708 17.3097 0
    endloop
  endfacet
  facet normal 0 0 -1
    outer loop
      vertex -20 30 0
      vertex -0.956708 17.3097 0
      vertex -1.25 17.1651 0
    endloop
  endfacet
  facet normal 0 0 -1
    outer loop
      vertex -13.0094 15.1436 0
      vertex -2.5 15 0
      vertex -13 15 0
    endloop
  endfacet
  facet normal 0 0 -1
    outer loop
      vertex -2.5 15 0
      vertex -13.0094 15.1436 0
      vertex -2.47861 15.3263 0
    endloop
  endfacet
  facet normal 0 0 -1
    outer loop
      vertex -13.0375 15.2847 0
      vertex -2.47861 15.3263 0
      vertex -13.0094 15.1436 0
    endloop
  endfacet
  facet normal -0 0 -1
    outer loop
      vertex -2.47861 15.3263 0
      vertex -13.0375 15.2847 0
      vertex -2.41481 15.647 0
    endloop
  endfacet
  facet normal 0 0 -1
    outer loop
      vertex -13.0837 15.421 0
      vertex -2.41481 15.647 0
      vertex -13.0375 15.2847 0
    endloop
  endfacet
  facet normal -0 0 -1
    outer loop
      vertex -2.41481 15.647 0
      vertex -13.0837 15.421 0
      vertex -2.3097 15.9567 0
    endloop
  endfacet
  facet normal 0 0 -1
    outer loop
      vertex -13.1474 15.55 0
      vertex -2.3097 15.9567 0
      vertex -13.0837 15.421 0
    endloop
  endfacet
  facet normal -0 0 -1
    outer loop
      vertex -2.3097 15.9567 0
      vertex -13.1474 15.55 0
      vertex -2.16506 16.25 0
    endloop
  endfacet
  facet normal 0 0 -1
    outer loop
      vertex -13.2273 15.6696 0
      vertex -2.16506 16.25 0
      vertex -13.1474 15.55 0
    endloop
  endfacet
  facet normal -0 0 -1
    outer loop
      vertex -2.16506 16.25 0
      vertex -13.2273 15.6696 0
      vertex -1.98338 16.5219 0
    endloop
  endfacet
  facet normal 0 0 -1
    outer loop
      vertex -13.3222 15.7778 0
      vertex -1.98338 16.5219 0
      vertex -13.2273 15.6696 0
    endloop
  endfacet
  facet normal 0 0 -1
    outer loop
      vertex -13.4304 15.8727 0
      vertex -1.98338 16.5219 0
      vertex -13.3222 15.7778 0
    endloop
  endfacet
  facet normal -0 0 -1
    outer loop
      vertex -1.98338 16.5219 0
      vertex -13.4304 15.8727 0
      vertex -1.76777 16.7678 0
    endloop
  endfacet
  facet normal 0 0 -1
    outer loop
      vertex -13.55 15.9526 0
      vertex -1.76777 16.7678 0
      vertex -13.4304 15.8727 0
    endloop
  endfacet
  facet normal -0 0 -1
    outer loop
      vertex -1.76777 16.7678 0
      vertex -13.55 15.9526 0
      vertex -1.5219 16.9834 0
    endloop
  endfacet
  facet normal 0 0 -1
    outer loop
      vertex -13.679 16.0163 0
      vertex -1.5219 16.9834 0
      vertex -13.55 15.9526 0
    endloop
  endfacet
  facet normal 0 0 -1
    outer loop
      vertex -20 30 0
      vertex -1.5219 16.9834 0
      vertex -13.679 16.0163 0
    endloop
  endfacet
  facet normal 0 0 -1
    outer loop
      vertex -1.5219 16.9834 0
      vertex -20 30 0
      vertex -1.25 17.1651 0
    endloop
  endfacet
  facet normal 0 0 -1
    outer loop
      vertex -20 30 0
      vertex -13.679 16.0163 0
      vertex -13.8153 16.0625 0
    endloop
  endfacet
  facet normal 0 0 -1
    outer loop
      vertex -20 30 0
      vertex -13.8153 16.0625 0
      vertex -13.9564 16.0906 0
    endloop
  endfacet
  facet normal 0 0 -1
    outer loop
      vertex -20 30 0
      vertex -13.9564 16.0906 0
      vertex -14.1 16.1 0
    endloop
  endfacet
  facet normal 0 0 -1
    outer loop
      vertex -20 30 0
      vertex -14.1 16.1 0
      vertex -14.2436 16.0906 0
    endloop
  endfacet
  facet normal 0 0 -1
    outer loop
      vertex -20 30 0
      vertex -14.2436 16.0906 0
      vertex -14.3847 16.0625 0
    endloop
  endfacet
  facet normal 0 0 -1
    outer loop
      vertex -20 30 0
      vertex -14.3847 16.0625 0
      vertex -14.521 16.0163 0
    endloop
  endfacet
  facet normal 0 0 -1
    outer loop
      vertex 0 17.5 0
      vertex -20 30 0
      vertex 20 30 0
    endloop
  endfacet
  facet normal 0 0 -1
    outer loop
      vertex -14.65 15.9526 0
      vertex -20 30 0
      vertex -14.521 16.0163 0
    endloop
  endfacet
  facet normal 0 0 -1
    outer loop
      vertex -14.7696 15.8727 0
      vertex -20 30 0
      vertex -14.65 15.9526 0
    endloop
  endfacet
  facet normal 0 0 -1
    outer loop
      vertex -14.8778 15.7778 0
      vertex -20 30 0
      vertex -14.7696 15.8727 0
    endloop
  endfacet
  facet normal 0 0 -1
    outer loop
      vertex -14.9727 15.6696 0
      vertex -20 30 0
      vertex -14.8778 15.7778 0
    endloop
  endfacet
  facet normal 0 0 -1
    outer loop
      vertex -15.0526 15.55 0
      vertex -20 30 0
      vertex -14.9727 15.6696 0
    endloop
  endfacet
  facet normal 0 0 -1
    outer loop
      vertex -15.1163 15.421 0
      vertex -20 30 0
      vertex -15.0526 15.55 0
    endloop
  endfacet
  facet normal 0 0 -1
    outer loop
      vertex -15.1625 15.2847 0
      vertex -20 30 0
      vertex -15.1163 15.421 0
    endloop
  endfacet
  facet normal 0 0 -1
    outer loop
      vertex -15.1906 15.1436 0
      vertex -20 30 0
      vertex -15.1625 15.2847 0
    endloop
  endfacet
  facet normal 0 0 -1
    outer loop
      vertex -20 30 0
      vertex -15.1906 15.1436 0
      vertex -15.2 15 0
    endloop
  endfacet
  facet normal -0 0 -1
    outer loop
      vertex -17 47 0
      vertex -20 45.5 0
      vertex -20 48.5 0
    endloop
  endfacet
  facet normal -0 0 -1
    outer loop
      vertex -17 52.5 0
      vertex -20 51 0
      vertex -20 54 0
    endloop
  endfacet
  facet normal -0 0 -1
    outer loop
      vertex -17 58 0
      vertex -20 56.5 0
      vertex -20 59.5 0
    endloop
  endfacet
  facet normal -0 0 -1
    outer loop
      vertex -17 63.5 0
      vertex -20 62 0
      vertex -20 65 0
    endloop
  endfacet
  facet normal -0 0 -1
    outer loop
      vertex -17 69 0
      vertex -20 67.5 0
      vertex -20 70.5 0
    endloop
  endfacet
  facet normal -0 0 -1
    outer loop
      vertex -13.6 82.8 0
      vertex -20 78 0
      vertex -20 87.6 0
    endloop
  endfacet
  facet normal 0 0 -1
    outer loop
      vertex -20 70.5 0
      vertex -28 78 0
      vertex -24 78 0
    endloop
  endfacet
  facet normal -1 0 0
    outer loop
      vertex 11.6 8.75 5
      vertex 11.6 21.25 17
      vertex 11.6 21.25 5
    endloop
  endfacet
  facet normal -1 -0 0
    outer loop
      vertex 11.6 21.25 17
      vertex 11.6 8.75 5
      vertex 11.6 8.75 17
    endloop
  endfacet
  facet normal 0 0 1
    outer loop
      vertex 11.6 21.25 5
      vertex 2.5 15 5
      vertex 11.6 8.75 5
    endloop
  endfacet
  facet normal 0 0 1
    outer loop
      vertex 11.6 21.25 5
      vertex 2.47861 15.3263 5
      vertex 2.5 15 5
    endloop
  endfacet
  facet normal 0 0 1
    outer loop
      vertex 11.6 21.25 5
      vertex 2.41481 15.647 5
      vertex 2.47861 15.3263 5
    endloop
  endfacet
  facet normal 0 0 1
    outer loop
      vertex 11.6 21.25 5
      vertex 2.3097 15.9567 5
      vertex 2.41481 15.647 5
    endloop
  endfacet
  facet normal 0 0 1
    outer loop
      vertex 11.6 21.25 5
      vertex 2.16506 16.25 5
      vertex 2.3097 15.9567 5
    endloop
  endfacet
  facet normal 0 0 1
    outer loop
      vertex 11.6 21.25 5
      vertex 1.98338 16.5219 5
      vertex 2.16506 16.25 5
    endloop
  endfacet
  facet normal 0 0 1
    outer loop
      vertex 11.6 21.25 5
      vertex 1.76777 16.7678 5
      vertex 1.98338 16.5219 5
    endloop
  endfacet
  facet normal 0 0 1
    outer loop
      vertex 11.6 21.25 5
      vertex 1.5219 16.9834 5
      vertex 1.76777 16.7678 5
    endloop
  endfacet
  facet normal 0 0 1
    outer loop
      vertex 11.6 21.25 5
      vertex 1.25 17.1651 5
      vertex 1.5219 16.9834 5
    endloop
  endfacet
  facet normal 0 0 1
    outer loop
      vertex 11.6 21.25 5
      vertex 0.956708 17.3097 5
      vertex 1.25 17.1651 5
    endloop
  endfacet
  facet normal 0 0 1
    outer loop
      vertex 11.6 21.25 5
      vertex 0.647047 17.4148 5
      vertex 0.956708 17.3097 5
    endloop
  endfacet
  facet normal 0 0 1
    outer loop
      vertex 11.6 21.25 5
      vertex 0.326315 17.4786 5
      vertex 0.647047 17.4148 5
    endloop
  endfacet
  facet normal 0 0 1
    outer loop
      vertex 11.6 21.25 5
      vertex 0 17.5 5
      vertex 0.326315 17.4786 5
    endloop
  endfacet
  facet normal -0 0 1
    outer loop
      vertex -11.6 21.25 5
      vertex 0 17.5 5
      vertex 11.6 21.25 5
    endloop
  endfacet
  facet normal 0 0 1
    outer loop
      vertex 0 17.5 5
      vertex -11.6 21.25 5
      vertex -0.326315 17.4786 5
    endloop
  endfacet
  facet normal 0 0 1
    outer loop
      vertex -2.47861 15.3263 5
      vertex -11.6 21.25 5
      vertex -2.5 15 5
    endloop
  endfacet
  facet normal 0 0 1
    outer loop
      vertex -2.41481 15.647 5
      vertex -11.6 21.25 5
      vertex -2.47861 15.3263 5
    endloop
  endfacet
  facet normal 0 0 1
    outer loop
      vertex -2.3097 15.9567 5
      vertex -11.6 21.25 5
      vertex -2.41481 15.647 5
    endloop
  endfacet
  facet normal 0 0 1
    outer loop
      vertex -2.16506 16.25 5
      vertex -11.6 21.25 5
      vertex -2.3097 15.9567 5
    endloop
  endfacet
  facet normal 0 0 1
    outer loop
      vertex -1.98338 16.5219 5
      vertex -11.6 21.25 5
      vertex -2.16506 16.25 5
    endloop
  endfacet
  facet normal 0 0 1
    outer loop
      vertex -1.76777 16.7678 5
      vertex -11.6 21.25 5
      vertex -1.98338 16.5219 5
    endloop
  endfacet
  facet normal 0 0 1
    outer loop
      vertex -1.5219 16.9834 5
      vertex -11.6 21.25 5
      vertex -1.76777 16.7678 5
    endloop
  endfacet
  facet normal 0 0 1
    outer loop
      vertex -1.25 17.1651 5
      vertex -11.6 21.25 5
      vertex -1.5219 16.9834 5
    endloop
  endfacet
  facet normal 0 0 1
    outer loop
      vertex -0.956708 17.3097 5
      vertex -11.6 21.25 5
      vertex -1.25 17.1651 5
    endloop
  endfacet
  facet normal 0 0 1
    outer loop
      vertex -0.647047 17.4148 5
      vertex -11.6 21.25 5
      vertex -0.956708 17.3097 5
    endloop
  endfacet
  facet normal 0 0 1
    outer loop
      vertex -0.326315 17.4786 5
      vertex -11.6 21.25 5
      vertex -0.647047 17.4148 5
    endloop
  endfacet
  facet normal -0 0 1
    outer loop
      vertex 2.47861 14.6737 5
      vertex 11.6 8.75 5
      vertex 2.5 15 5
    endloop
  endfacet
  facet normal -0 0 1
    outer loop
      vertex 2.41481 14.353 5
      vertex 11.6 8.75 5
      vertex 2.47861 14.6737 5
    endloop
  endfacet
  facet normal -0 0 1
    outer loop
      vertex 2.3097 14.0433 5
      vertex 11.6 8.75 5
      vertex 2.41481 14.353 5
    endloop
  endfacet
  facet normal -0 0 1
    outer loop
      vertex 2.16506 13.75 5
      vertex 11.6 8.75 5
      vertex 2.3097 14.0433 5
    endloop
  endfacet
  facet normal -0 0 1
    outer loop
      vertex 1.98338 13.4781 5
      vertex 11.6 8.75 5
      vertex 2.16506 13.75 5
    endloop
  endfacet
  facet normal -0 0 1
    outer loop
      vertex 1.76777 13.2322 5
      vertex 11.6 8.75 5
      vertex 1.98338 13.4781 5
    endloop
  endfacet
  facet normal -0 0 1
    outer loop
      vertex 1.5219 13.0166 5
      vertex 11.6 8.75 5
      vertex 1.76777 13.2322 5
    endloop
  endfacet
  facet normal -0 0 1
    outer loop
      vertex 1.25 12.8349 5
      vertex 11.6 8.75 5
      vertex 1.5219 13.0166 5
    endloop
  endfacet
  facet normal -0 0 1
    outer loop
      vertex 0.956708 12.6903 5
      vertex 11.6 8.75 5
      vertex 1.25 12.8349 5
    endloop
  endfacet
  facet normal -0 0 1
    outer loop
      vertex 0.647047 12.5852 5
      vertex 11.6 8.75 5
      vertex 0.956708 12.6903 5
    endloop
  endfacet
  facet normal -0 0 1
    outer loop
      vertex 0.326315 12.5214 5
      vertex 11.6 8.75 5
      vertex 0.647047 12.5852 5
    endloop
  endfacet
  facet normal -0 0 1
    outer loop
      vertex 0 12.5 5
      vertex 11.6 8.75 5
      vertex 0.326315 12.5214 5
    endloop
  endfacet
  facet normal 0 0 1
    outer loop
      vertex -11.6 8.75 5
      vertex 0 12.5 5
      vertex -0.326315 12.5214 5
    endloop
  endfacet
  facet normal 0 0 1
    outer loop
      vertex -11.6 8.75 5
      vertex -0.326315 12.5214 5
      vertex -0.647047 12.5852 5
    endloop
  endfacet
  facet normal 0 0 1
    outer loop
      vertex -11.6 8.75 5
      vertex -2.5 15 5
      vertex -11.6 21.25 5
    endloop
  endfacet
  facet normal 0 0 1
    outer loop
      vertex -2.5 15 5
      vertex -11.6 8.75 5
      vertex -2.47861 14.6737 5
    endloop
  endfacet
  facet normal 0 0 1
    outer loop
      vertex -2.47861 14.6737 5
      vertex -11.6 8.75 5
      vertex -2.41481 14.353 5
    endloop
  endfacet
  facet normal 0 0 1
    outer loop
      vertex -2.41481 14.353 5
      vertex -11.6 8.75 5
      vertex -2.3097 14.0433 5
    endloop
  endfacet
  facet normal 0 0 1
    outer loop
      vertex -2.3097 14.0433 5
      vertex -11.6 8.75 5
      vertex -2.16506 13.75 5
    endloop
  endfacet
  facet normal 0 0 1
    outer loop
      vertex -2.16506 13.75 5
      vertex -11.6 8.75 5
      vertex -1.98338 13.4781 5
    endloop
  endfacet
  facet normal 0 0 1
    outer loop
      vertex -1.98338 13.4781 5
      vertex -11.6 8.75 5
      vertex -1.76777 13.2322 5
    endloop
  endfacet
  facet normal 0 0 1
    outer loop
      vertex 0 12.5 5
      vertex -11.6 8.75 5
      vertex 11.6 8.75 5
    endloop
  endfacet
  facet normal 0 0 1
    outer loop
      vertex -0.956708 12.6903 5
      vertex -11.6 8.75 5
      vertex -0.647047 12.5852 5
    endloop
  endfacet
  facet normal 0 0 1
    outer loop
      vertex -1.25 12.8349 5
      vertex -11.6 8.75 5
      vertex -0.956708 12.6903 5
    endloop
  endfacet
  facet normal 0 0 1
    outer loop
      vertex -1.5219 13.0166 5
      vertex -11.6 8.75 5
      vertex -1.25 12.8349 5
    endloop
  endfacet
  facet normal 0 0 1
    outer loop
      vertex -1.76777 13.2322 5
      vertex -11.6 8.75 5
      vertex -1.5219 13.0166 5
    endloop
  endfacet
  facet normal 1 -0 0
    outer loop
      vertex -11.6 8.75 17
      vertex -11.6 21.25 5
      vertex -11.6 21.25 17
    endloop
  endfacet
  facet normal 1 0 0
    outer loop
      vertex -11.6 21.25 5
      vertex -11.6 8.75 17
      vertex -11.6 8.75 5
    endloop
  endfacet
  facet normal 0 -1 0
    outer loop
      vertex -11.6 21.25 5
      vertex 11.6 21.25 17
      vertex -11.6 21.25 17
    endloop
  endfacet
  facet normal 0 -1 -0
    outer loop
      vertex 11.6 21.25 17
      vertex -11.6 21.25 5
      vertex 11.6 21.25 5
    endloop
  endfacet
  facet normal 0 1 -0
    outer loop
      vertex 11.6 8.75 5
      vertex -11.6 8.75 17
      vertex 11.6 8.75 17
    endloop
  endfacet
  facet normal 0 1 0
    outer loop
      vertex -11.6 8.75 17
      vertex 11.6 8.75 5
      vertex -11.6 8.75 5
    endloop
  endfacet
  facet normal -0.195097 0.980784 0
    outer loop
      vertex 0.647047 12.5852 0
      vertex 0.326315 12.5214 5
      vertex 0.647047 12.5852 5
    endloop
  endfacet
  facet normal -0.195097 0.980784 0
    outer loop
      vertex 0.326315 12.5214 5
      vertex 0.647047 12.5852 0
      vertex 0.326315 12.5214 0
    endloop
  endfacet
  facet normal -0.98078 -0.195116 0
    outer loop
      vertex 2.47861 15.3263 0
      vertex 2.41481 15.647 5
      vertex 2.41481 15.647 0
    endloop
  endfacet
  facet normal -0.98078 -0.195116 0
    outer loop
      vertex 2.41481 15.647 5
      vertex 2.47861 15.3263 0
      vertex 2.47861 15.3263 5
    endloop
  endfacet
  facet normal -0.997858 -0.0654128 0
    outer loop
      vertex 2.5 15 0
      vertex 2.47861 15.3263 5
      vertex 2.47861 15.3263 0
    endloop
  endfacet
  facet normal -0.997858 -0.0654128 0
    outer loop
      vertex 2.47861 15.3263 5
      vertex 2.5 15 0
      vertex 2.5 15 5
    endloop
  endfacet
  facet normal 0.751898 0.659279 0
    outer loop
      vertex -1.76777 13.2322 5
      vertex -1.98338 13.4781 0
      vertex -1.98338 13.4781 5
    endloop
  endfacet
  facet normal 0.751898 0.659279 0
    outer loop
      vertex -1.98338 13.4781 0
      vertex -1.76777 13.2322 5
      vertex -1.76777 13.2322 0
    endloop
  endfacet
  facet normal 0.896872 0.44229 0
    outer loop
      vertex -2.16506 13.75 5
      vertex -2.3097 14.0433 0
      vertex -2.3097 14.0433 5
    endloop
  endfacet
  facet normal 0.896872 0.44229 0
    outer loop
      vertex -2.3097 14.0433 0
      vertex -2.16506 13.75 5
      vertex -2.16506 13.75 0
    endloop
  endfacet
  facet normal 0.0654402 0.997856 -0
    outer loop
      vertex 0 12.5 0
      vertex -0.326315 12.5214 5
      vertex 0 12.5 5
    endloop
  endfacet
  facet normal 0.0654402 0.997856 0
    outer loop
      vertex -0.326315 12.5214 5
      vertex 0 12.5 0
      vertex -0.326315 12.5214 0
    endloop
  endfacet
  facet normal -0.751898 0.659279 0
    outer loop
      vertex 1.76777 13.2322 0
      vertex 1.98338 13.4781 5
      vertex 1.98338 13.4781 0
    endloop
  endfacet
  facet normal -0.751898 0.659279 0
    outer loop
      vertex 1.98338 13.4781 5
      vertex 1.76777 13.2322 0
      vertex 1.76777 13.2322 5
    endloop
  endfacet
  facet normal -0.442201 0.896916 0
    outer loop
      vertex 1.25 12.8349 0
      vertex 0.956708 12.6903 5
      vertex 1.25 12.8349 5
    endloop
  endfacet
  facet normal -0.442201 0.896916 0
    outer loop
      vertex 0.956708 12.6903 5
      vertex 1.25 12.8349 0
      vertex 0.956708 12.6903 0
    endloop
  endfacet
  facet normal 0.321396 0.946945 -0
    outer loop
      vertex -0.647047 12.5852 0
      vertex -0.956708 12.6903 5
      vertex -0.647047 12.5852 5
    endloop
  endfacet
  facet normal 0.321396 0.946945 0
    outer loop
      vertex -0.956708 12.6903 5
      vertex -0.647047 12.5852 0
      vertex -0.956708 12.6903 0
    endloop
  endfacet
  facet normal -0.946948 0.321387 0
    outer loop
      vertex 2.3097 14.0433 0
      vertex 2.41481 14.353 5
      vertex 2.41481 14.353 0
    endloop
  endfacet
  facet normal -0.946948 0.321387 0
    outer loop
      vertex 2.41481 14.353 5
      vertex 2.3097 14.0433 0
      vertex 2.3097 14.0433 5
    endloop
  endfacet
  facet normal -0.896872 0.44229 0
    outer loop
      vertex 2.16506 13.75 0
      vertex 2.3097 14.0433 5
      vertex 2.3097 14.0433 0
    endloop
  endfacet
  facet normal -0.896872 0.44229 0
    outer loop
      vertex 2.3097 14.0433 5
      vertex 2.16506 13.75 0
      vertex 2.16506 13.75 5
    endloop
  endfacet
  facet normal 0.555617 -0.831438 0
    outer loop
      vertex -1.5219 16.9834 0
      vertex -1.25 17.1651 5
      vertex -1.5219 16.9834 5
    endloop
  endfacet
  facet normal 0.555617 -0.831438 0
    outer loop
      vertex -1.25 17.1651 5
      vertex -1.5219 16.9834 0
      vertex -1.25 17.1651 0
    endloop
  endfacet
  facet normal 0.831466 -0.555575 0
    outer loop
      vertex -2.16506 16.25 5
      vertex -1.98338 16.5219 0
      vertex -1.98338 16.5219 5
    endloop
  endfacet
  facet normal 0.831466 -0.555575 0
    outer loop
      vertex -1.98338 16.5219 0
      vertex -2.16506 16.25 5
      vertex -2.16506 16.25 0
    endloop
  endfacet
  facet normal -0.831466 0.555575 0
    outer loop
      vertex 1.98338 13.4781 0
      vertex 2.16506 13.75 5
      vertex 2.16506 13.75 0
    endloop
  endfacet
  facet normal -0.831466 0.555575 0
    outer loop
      vertex 2.16506 13.75 5
      vertex 1.98338 13.4781 0
      vertex 1.98338 13.4781 5
    endloop
  endfacet
  facet normal 0.659307 -0.751873 0
    outer loop
      vertex -1.76777 16.7678 0
      vertex -1.5219 16.9834 5
      vertex -1.76777 16.7678 5
    endloop
  endfacet
  facet normal 0.659307 -0.751873 0
    outer loop
      vertex -1.5219 16.9834 5
      vertex -1.76777 16.7678 0
      vertex -1.5219 16.9834 0
    endloop
  endfacet
  facet normal 0.0654402 -0.997856 0
    outer loop
      vertex -0.326315 17.4786 0
      vertex 0 17.5 5
      vertex -0.326315 17.4786 5
    endloop
  endfacet
  facet normal 0.0654402 -0.997856 0
    outer loop
      vertex 0 17.5 5
      vertex -0.326315 17.4786 0
      vertex 0 17.5 0
    endloop
  endfacet
  facet normal -0.195097 -0.980784 0
    outer loop
      vertex 0.326315 17.4786 0
      vertex 0.647047 17.4148 5
      vertex 0.326315 17.4786 5
    endloop
  endfacet
  facet normal -0.195097 -0.980784 -0
    outer loop
      vertex 0.647047 17.4148 5
      vertex 0.326315 17.4786 0
      vertex 0.647047 17.4148 0
    endloop
  endfacet
  facet normal 0.98078 -0.195116 0
    outer loop
      vertex -2.47861 15.3263 5
      vertex -2.41481 15.647 0
      vertex -2.41481 15.647 5
    endloop
  endfacet
  facet normal 0.98078 -0.195116 0
    outer loop
      vertex -2.41481 15.647 0
      vertex -2.47861 15.3263 5
      vertex -2.47861 15.3263 0
    endloop
  endfacet
  facet normal -0.0654402 0.997856 0
    outer loop
      vertex 0.326315 12.5214 0
      vertex 0 12.5 5
      vertex 0.326315 12.5214 5
    endloop
  endfacet
  facet normal -0.0654402 0.997856 0
    outer loop
      vertex 0 12.5 5
      vertex 0.326315 12.5214 0
      vertex 0 12.5 0
    endloop
  endfacet
  facet normal 0.946948 0.321387 0
    outer loop
      vertex -2.3097 14.0433 5
      vertex -2.41481 14.353 0
      vertex -2.41481 14.353 5
    endloop
  endfacet
  facet normal 0.946948 0.321387 0
    outer loop
      vertex -2.41481 14.353 0
      vertex -2.3097 14.0433 5
      vertex -2.3097 14.0433 0
    endloop
  endfacet
  facet normal 0.555617 0.831438 -0
    outer loop
      vertex -1.25 12.8349 0
      vertex -1.5219 13.0166 5
      vertex -1.25 12.8349 5
    endloop
  endfacet
  facet normal 0.555617 0.831438 0
    outer loop
      vertex -1.5219 13.0166 5
      vertex -1.25 12.8349 0
      vertex -1.5219 13.0166 0
    endloop
  endfacet
  facet normal 0.195097 0.980784 -0
    outer loop
      vertex -0.326315 12.5214 0
      vertex -0.647047 12.5852 5
      vertex -0.326315 12.5214 5
    endloop
  endfacet
  facet normal 0.195097 0.980784 0
    outer loop
      vertex -0.647047 12.5852 5
      vertex -0.326315 12.5214 0
      vertex -0.647047 12.5852 0
    endloop
  endfacet
  facet normal -0.98078 0.195116 0
    outer loop
      vertex 2.41481 14.353 0
      vertex 2.47861 14.6737 5
      vertex 2.47861 14.6737 0
    endloop
  endfacet
  facet normal -0.98078 0.195116 0
    outer loop
      vertex 2.47861 14.6737 5
      vertex 2.41481 14.353 0
      vertex 2.41481 14.353 5
    endloop
  endfacet
  facet normal -0.831466 -0.555575 0
    outer loop
      vertex 2.16506 16.25 0
      vertex 1.98338 16.5219 5
      vertex 1.98338 16.5219 0
    endloop
  endfacet
  facet normal -0.831466 -0.555575 0
    outer loop
      vertex 1.98338 16.5219 5
      vertex 2.16506 16.25 0
      vertex 2.16506 16.25 5
    endloop
  endfacet
  facet normal 0.442201 -0.896916 0
    outer loop
      vertex -1.25 17.1651 0
      vertex -0.956708 17.3097 5
      vertex -1.25 17.1651 5
    endloop
  endfacet
  facet normal 0.442201 -0.896916 0
    outer loop
      vertex -0.956708 17.3097 5
      vertex -1.25 17.1651 0
      vertex -0.956708 17.3097 0
    endloop
  endfacet
  facet normal -0.659307 -0.751873 0
    outer loop
      vertex 1.5219 16.9834 0
      vertex 1.76777 16.7678 5
      vertex 1.5219 16.9834 5
    endloop
  endfacet
  facet normal -0.659307 -0.751873 -0
    outer loop
      vertex 1.76777 16.7678 5
      vertex 1.5219 16.9834 0
      vertex 1.76777 16.7678 0
    endloop
  endfacet
  facet normal -0.442201 -0.896916 0
    outer loop
      vertex 0.956708 17.3097 0
      vertex 1.25 17.1651 5
      vertex 0.956708 17.3097 5
    endloop
  endfacet
  facet normal -0.442201 -0.896916 -0
    outer loop
      vertex 1.25 17.1651 5
      vertex 0.956708 17.3097 0
      vertex 1.25 17.1651 0
    endloop
  endfacet
  facet normal -0.997858 0.0654128 0
    outer loop
      vertex 2.47861 14.6737 0
      vertex 2.5 15 5
      vertex 2.5 15 0
    endloop
  endfacet
  facet normal -0.997858 0.0654128 0
    outer loop
      vertex 2.5 15 5
      vertex 2.47861 14.6737 0
      vertex 2.47861 14.6737 5
    endloop
  endfacet
  facet normal -0.0654402 -0.997856 0
    outer loop
      vertex 0 17.5 0
      vertex 0.326315 17.4786 5
      vertex 0 17.5 5
    endloop
  endfacet
  facet normal -0.0654402 -0.997856 -0
    outer loop
      vertex 0.326315 17.4786 5
      vertex 0 17.5 0
      vertex 0.326315 17.4786 0
    endloop
  endfacet
  facet normal 0.751898 -0.659279 0
    outer loop
      vertex -1.98338 16.5219 5
      vertex -1.76777 16.7678 0
      vertex -1.76777 16.7678 5
    endloop
  endfacet
  facet normal 0.751898 -0.659279 0
    outer loop
      vertex -1.76777 16.7678 0
      vertex -1.98338 16.5219 5
      vertex -1.98338 16.5219 0
    endloop
  endfacet
  facet normal 0.831466 0.555575 0
    outer loop
      vertex -1.98338 13.4781 5
      vertex -2.16506 13.75 0
      vertex -2.16506 13.75 5
    endloop
  endfacet
  facet normal 0.831466 0.555575 0
    outer loop
      vertex -2.16506 13.75 0
      vertex -1.98338 13.4781 5
      vertex -1.98338 13.4781 0
    endloop
  endfacet
  facet normal -0.555617 -0.831438 0
    outer loop
      vertex 1.25 17.1651 0
      vertex 1.5219 16.9834 5
      vertex 1.25 17.1651 5
    endloop
  endfacet
  facet normal -0.555617 -0.831438 -0
    outer loop
      vertex 1.5219 16.9834 5
      vertex 1.25 17.1651 0
      vertex 1.5219 16.9834 0
    endloop
  endfacet
  facet normal 0.997858 -0.0654128 0
    outer loop
      vertex -2.5 15 5
      vertex -2.47861 15.3263 0
      vertex -2.47861 15.3263 5
    endloop
  endfacet
  facet normal 0.997858 -0.0654128 0
    outer loop
      vertex -2.47861 15.3263 0
      vertex -2.5 15 5
      vertex -2.5 15 0
    endloop
  endfacet
  facet normal -0.321396 0.946945 0
    outer loop
      vertex 0.956708 12.6903 0
      vertex 0.647047 12.5852 5
      vertex 0.956708 12.6903 5
    endloop
  endfacet
  facet normal -0.321396 0.946945 0
    outer loop
      vertex 0.647047 12.5852 5
      vertex 0.956708 12.6903 0
      vertex 0.647047 12.5852 0
    endloop
  endfacet
  facet normal 0.195097 -0.980784 0
    outer loop
      vertex -0.647047 17.4148 0
      vertex -0.326315 17.4786 5
      vertex -0.647047 17.4148 5
    endloop
  endfacet
  facet normal 0.195097 -0.980784 0
    outer loop
      vertex -0.326315 17.4786 5
      vertex -0.647047 17.4148 0
      vertex -0.326315 17.4786 0
    endloop
  endfacet
  facet normal 0.997858 0.0654128 0
    outer loop
      vertex -2.47861 14.6737 5
      vertex -2.5 15 0
      vertex -2.5 15 5
    endloop
  endfacet
  facet normal 0.997858 0.0654128 0
    outer loop
      vertex -2.5 15 0
      vertex -2.47861 14.6737 5
      vertex -2.47861 14.6737 0
    endloop
  endfacet
  facet normal 0.659307 0.751873 -0
    outer loop
      vertex -1.5219 13.0166 0
      vertex -1.76777 13.2322 5
      vertex -1.5219 13.0166 5
    endloop
  endfacet
  facet normal 0.659307 0.751873 0
    outer loop
      vertex -1.76777 13.2322 5
      vertex -1.5219 13.0166 0
      vertex -1.76777 13.2322 0
    endloop
  endfacet
  facet normal -0.659307 0.751873 0
    outer loop
      vertex 1.76777 13.2322 0
      vertex 1.5219 13.0166 5
      vertex 1.76777 13.2322 5
    endloop
  endfacet
  facet normal -0.659307 0.751873 0
    outer loop
      vertex 1.5219 13.0166 5
      vertex 1.76777 13.2322 0
      vertex 1.5219 13.0166 0
    endloop
  endfacet
  facet normal -0.555617 0.831438 0
    outer loop
      vertex 1.5219 13.0166 0
      vertex 1.25 12.8349 5
      vertex 1.5219 13.0166 5
    endloop
  endfacet
  facet normal -0.555617 0.831438 0
    outer loop
      vertex 1.25 12.8349 5
      vertex 1.5219 13.0166 0
      vertex 1.25 12.8349 0
    endloop
  endfacet
  facet normal -0.321396 -0.946945 0
    outer loop
      vertex 0.647047 17.4148 0
      vertex 0.956708 17.3097 5
      vertex 0.647047 17.4148 5
    endloop
  endfacet
  facet normal -0.321396 -0.946945 -0
    outer loop
      vertex 0.956708 17.3097 5
      vertex 0.647047 17.4148 0
      vertex 0.956708 17.3097 0
    endloop
  endfacet
  facet normal 0.98078 0.195116 0
    outer loop
      vertex -2.41481 14.353 5
      vertex -2.47861 14.6737 0
      vertex -2.47861 14.6737 5
    endloop
  endfacet
  facet normal 0.98078 0.195116 0
    outer loop
      vertex -2.47861 14.6737 0
      vertex -2.41481 14.353 5
      vertex -2.41481 14.353 0
    endloop
  endfacet
  facet normal 0.896872 -0.44229 0
    outer loop
      vertex -2.3097 15.9567 5
      vertex -2.16506 16.25 0
      vertex -2.16506 16.25 5
    endloop
  endfacet
  facet normal 0.896872 -0.44229 0
    outer loop
      vertex -2.16506 16.25 0
      vertex -2.3097 15.9567 5
      vertex -2.3097 15.9567 0
    endloop
  endfacet
  facet normal -0.896872 -0.44229 0
    outer loop
      vertex 2.3097 15.9567 0
      vertex 2.16506 16.25 5
      vertex 2.16506 16.25 0
    endloop
  endfacet
  facet normal -0.896872 -0.44229 0
    outer loop
      vertex 2.16506 16.25 5
      vertex 2.3097 15.9567 0
      vertex 2.3097 15.9567 5
    endloop
  endfacet
  facet normal -0.751898 -0.659279 0
    outer loop
      vertex 1.98338 16.5219 0
      vertex 1.76777 16.7678 5
      vertex 1.76777 16.7678 0
    endloop
  endfacet
  facet normal -0.751898 -0.659279 0
    outer loop
      vertex 1.76777 16.7678 5
      vertex 1.98338 16.5219 0
      vertex 1.98338 16.5219 5
    endloop
  endfacet
  facet normal -0.946948 -0.321387 0
    outer loop
      vertex 2.41481 15.647 0
      vertex 2.3097 15.9567 5
      vertex 2.3097 15.9567 0
    endloop
  endfacet
  facet normal -0.946948 -0.321387 0
    outer loop
      vertex 2.3097 15.9567 5
      vertex 2.41481 15.647 0
      vertex 2.41481 15.647 5
    endloop
  endfacet
  facet normal 0.321396 -0.946945 0
    outer loop
      vertex -0.956708 17.3097 0
      vertex -0.647047 17.4148 5
      vertex -0.956708 17.3097 5
    endloop
  endfacet
  facet normal 0.321396 -0.946945 0
    outer loop
      vertex -0.647047 17.4148 5
      vertex -0.956708 17.3097 0
      vertex -0.647047 17.4148 0
    endloop
  endfacet
  facet normal 0.442201 0.896916 -0
    outer loop
      vertex -0.956708 12.6903 0
      vertex -1.25 12.8349 5
      vertex -0.956708 12.6903 5
    endloop
  endfacet
  facet normal 0.442201 0.896916 0
    outer loop
      vertex -1.25 12.8349 5
      vertex -0.956708 12.6903 0
      vertex -1.25 12.8349 0
    endloop
  endfacet
  facet normal 0.946948 -0.321387 0
    outer loop
      vertex -2.41481 15.647 5
      vertex -2.3097 15.9567 0
      vertex -2.3097 15.9567 5
    endloop
  endfacet
  facet normal 0.946948 -0.321387 0
    outer loop
      vertex -2.3097 15.9567 0
      vertex -2.41481 15.647 5
      vertex -2.41481 15.647 0
    endloop
  endfacet
  facet normal 0.447214 -0.894427 0
    outer loop
      vertex -20 45.5 0
      vertex -17 47 5
      vertex -20 45.5 5
    endloop
  endfacet
  facet normal 0.447214 -0.894427 0
    outer loop
      vertex -17 47 5
      vertex -20 45.5 0
      vertex -17 47 0
    endloop
  endfacet
  facet normal 1 -0 0
    outer loop
      vertex -20 70.5 5
      vertex -20 78 0
      vertex -20 78 5
    endloop
  endfacet
  facet normal 1 0 0
    outer loop
      vertex -20 78 0
      vertex -20 70.5 5
      vertex -20 70.5 0
    endloop
  endfacet
  facet normal 1 -0 0
    outer loop
      vertex -20 30 5
      vertex -20 45.5 0
      vertex -20 45.5 5
    endloop
  endfacet
  facet normal 1 0 0
    outer loop
      vertex -20 45.5 0
      vertex -20 30 5
      vertex -20 30 0
    endloop
  endfacet
  facet normal 1 -0 0
    outer loop
      vertex -20 65 5
      vertex -20 67.5 0
      vertex -20 67.5 5
    endloop
  endfacet
  facet normal 1 0 0
    outer loop
      vertex -20 67.5 0
      vertex -20 65 5
      vertex -20 65 0
    endloop
  endfacet
  facet normal 1 -0 0
    outer loop
      vertex -20 59.5 5
      vertex -20 62 0
      vertex -20 62 5
    endloop
  endfacet
  facet normal 1 0 0
    outer loop
      vertex -20 62 0
      vertex -20 59.5 5
      vertex -20 59.5 0
    endloop
  endfacet
  facet normal 1 -0 0
    outer loop
      vertex -20 54 5
      vertex -20 56.5 0
      vertex -20 56.5 5
    endloop
  endfacet
  facet normal 1 0 0
    outer loop
      vertex -20 56.5 0
      vertex -20 54 5
      vertex -20 54 0
    endloop
  endfacet
  facet normal 1 -0 0
    outer loop
      vertex -20 48.5 5
      vertex -20 51 0
      vertex -20 51 5
    endloop
  endfacet
  facet normal 1 0 0
    outer loop
      vertex -20 51 0
      vertex -20 48.5 5
      vertex -20 48.5 0
    endloop
  endfacet
  facet normal 0 0 1
    outer loop
      vertex -20 87.6 5
      vertex -20 78 5
      vertex -13.6 82.8 5
    endloop
  endfacet
  facet normal 0 0 1
    outer loop
      vertex -24 78 5
      vertex -20 78 5
      vertex -20 87.6 5
    endloop
  endfacet
  facet normal 0 0 1
    outer loop
      vertex -20 78 5
      vertex -24 78 5
      vertex -20 70.5 5
    endloop
  endfacet
  facet normal -0 0 1
    outer loop
      vertex -28 78 5
      vertex -20 70.5 5
      vertex -24 78 5
    endloop
  endfacet
  facet normal 0 0 1
    outer loop
      vertex -20 70.5 5
      vertex -28 78 5
      vertex -20 67.5 5
    endloop
  endfacet
  facet normal 0 0 1
    outer loop
      vertex -20 67.5 5
      vertex -28 78 5
      vertex -20 65 5
    endloop
  endfacet
  facet normal 0 0 1
    outer loop
      vertex -20 65 5
      vertex -28 78 5
      vertex -20 62 5
    endloop
  endfacet
  facet normal 0 0 1
    outer loop
      vertex -20 62 5
      vertex -28 78 5
      vertex -20 59.5 5
    endloop
  endfacet
  facet normal 0 0 1
    outer loop
      vertex -20 59.5 5
      vertex -28 78 5
      vertex -20 56.5 5
    endloop
  endfacet
  facet normal 0 0 1
    outer loop
      vertex -20 56.5 5
      vertex -28 78 5
      vertex -20 54 5
    endloop
  endfacet
  facet normal 0 0 1
    outer loop
      vertex -28 30 5
      vertex -20 54 5
      vertex -28 78 5
    endloop
  endfacet
  facet normal 0 0 1
    outer loop
      vertex -20 54 5
      vertex -28 30 5
      vertex -20 51 5
    endloop
  endfacet
  facet normal 0 0 1
    outer loop
      vertex -20 51 5
      vertex -28 30 5
      vertex -20 48.5 5
    endloop
  endfacet
  facet normal 0 0 1
    outer loop
      vertex -20 48.5 5
      vertex -28 30 5
      vertex -20 45.5 5
    endloop
  endfacet
  facet normal 0 0 1
    outer loop
      vertex -20 45.5 5
      vertex -28 30 5
      vertex -20 30 5
    endloop
  endfacet
  facet normal 0 0 1
    outer loop
      vertex -17 69 5
      vertex -20 70.5 5
      vertex -20 67.5 5
    endloop
  endfacet
  facet normal 0 0 1
    outer loop
      vertex -17 63.5 5
      vertex -20 65 5
      vertex -20 62 5
    endloop
  endfacet
  facet normal 0 0 1
    outer loop
      vertex -17 58 5
      vertex -20 59.5 5
      vertex -20 56.5 5
    endloop
  endfacet
  facet normal 0 0 1
    outer loop
      vertex -17 52.5 5
      vertex -20 54 5
      vertex -20 51 5
    endloop
  endfacet
  facet normal 0 0 1
    outer loop
      vertex -17 47 5
      vertex -20 48.5 5
      vertex -20 45.5 5
    endloop
  endfacet
  facet normal 0.447214 0.894427 -0
    outer loop
      vertex -17 47 0
      vertex -20 48.5 5
      vertex -17 47 5
    endloop
  endfacet
  facet normal 0.447214 0.894427 0
    outer loop
      vertex -20 48.5 5
      vertex -17 47 0
      vertex -20 48.5 0
    endloop
  endfacet
  facet normal 0.447214 -0.894427 0
    outer loop
      vertex -20 51 0
      vertex -17 52.5 5
      vertex -20 51 5
    endloop
  endfacet
  facet normal 0.447214 -0.894427 0
    outer loop
      vertex -17 52.5 5
      vertex -20 51 0
      vertex -17 52.5 0
    endloop
  endfacet
  facet normal 0.447214 0.894427 -0
    outer loop
      vertex -17 52.5 0
      vertex -20 54 5
      vertex -17 52.5 5
    endloop
  endfacet
  facet normal 0.447214 0.894427 0
    outer loop
      vertex -20 54 5
      vertex -17 52.5 0
      vertex -20 54 0
    endloop
  endfacet
  facet normal 0.447214 -0.894427 0
    outer loop
      vertex -20 56.5 0
      vertex -17 58 5
      vertex -20 56.5 5
    endloop
  endfacet
  facet normal 0.447214 -0.894427 0
    outer loop
      vertex -17 58 5
      vertex -20 56.5 0
      vertex -17 58 0
    endloop
  endfacet
  facet normal 0.447214 0.894427 -0
    outer loop
      vertex -17 58 0
      vertex -20 59.5 5
      vertex -17 58 5
    endloop
  endfacet
  facet normal 0.447214 0.894427 0
    outer loop
      vertex -20 59.5 5
      vertex -17 58 0
      vertex -20 59.5 0
    endloop
  endfacet
  facet normal 0.447214 -0.894427 0
    outer loop
      vertex -20 62 0
      vertex -17 63.5 5
      vertex -20 62 5
    endloop
  endfacet
  facet normal 0.447214 -0.894427 0
    outer loop
      vertex -17 63.5 5
      vertex -20 62 0
      vertex -17 63.5 0
    endloop
  endfacet
  facet normal 0.447214 0.894427 -0
    outer loop
      vertex -17 63.5 0
      vertex -20 65 5
      vertex -17 63.5 5
    endloop
  endfacet
  facet normal 0.447214 0.894427 0
    outer loop
      vertex -20 65 5
      vertex -17 63.5 0
      vertex -20 65 0
    endloop
  endfacet
  facet normal 0.447214 -0.894427 0
    outer loop
      vertex -20 67.5 0
      vertex -17 69 5
      vertex -20 67.5 5
    endloop
  endfacet
  facet normal 0.447214 -0.894427 0
    outer loop
      vertex -17 69 5
      vertex -20 67.5 0
      vertex -17 69 0
    endloop
  endfacet
  facet normal 0.447214 0.894427 -0
    outer loop
      vertex -17 69 0
      vertex -20 70.5 5
      vertex -17 69 5
    endloop
  endfacet
  facet normal 0.447214 0.894427 0
    outer loop
      vertex -20 70.5 5
      vertex -17 69 0
      vertex -20 70.5 0
    endloop
  endfacet
  facet normal -1 0 0
    outer loop
      vertex -28 30 0
      vertex -28 78 5
      vertex -28 78 0
    endloop
  endfacet
  facet normal -1 -0 0
    outer loop
      vertex -28 78 5
      vertex -28 30 0
      vertex -28 30 5
    endloop
  endfacet
  facet normal 0 1 -0
    outer loop
      vertex -24 78 0
      vertex -28 78 5
      vertex -24 78 5
    endloop
  endfacet
  facet normal 0 1 0
    outer loop
      vertex -28 78 5
      vertex -24 78 0
      vertex -28 78 0
    endloop
  endfacet
  facet normal 0.6 -0.8 0
    outer loop
      vertex -20 78 0
      vertex -13.6 82.8 5
      vertex -20 78 5
    endloop
  endfacet
  facet normal 0.6 -0.8 0
    outer loop
      vertex -13.6 82.8 5
      vertex -20 78 0
      vertex -13.6 82.8 0
    endloop
  endfacet
  facet normal 0.6 0.8 -0
    outer loop
      vertex -13.6 82.8 0
      vertex -20 87.6 5
      vertex -13.6 82.8 5
    endloop
  endfacet
  facet normal 0.6 0.8 0
    outer loop
      vertex -20 87.6 5
      vertex -13.6 82.8 0
      vertex -20 87.6 0
    endloop
  endfacet
  facet normal -0.923077 0.384615 0
    outer loop
      vertex -24 78 0
      vertex -20 87.6 5
      vertex -20 87.6 0
    endloop
  endfacet
  facet normal -0.923077 0.384615 0
    outer loop
      vertex -20 87.6 5
      vertex -24 78 0
      vertex -24 78 5
    endloop
  endfacet
  facet normal -0.447214 -0.894427 0
    outer loop
      vertex 17 47 0
      vertex 20 45.5 5
      vertex 17 47 5
    endloop
  endfacet
  facet normal -0.447214 -0.894427 -0
    outer loop
      vertex 20 45.5 5
      vertex 17 47 0
      vertex 20 45.5 0
    endloop
  endfacet
  facet normal -1 0 0
    outer loop
      vertex 20 70.5 0
      vertex 20 78 5
      vertex 20 78 0
    endloop
  endfacet
  facet normal -1 -0 0
    outer loop
      vertex 20 78 5
      vertex 20 70.5 0
      vertex 20 70.5 5
    endloop
  endfacet
  facet normal -1 0 0
    outer loop
      vertex 20 30 0
      vertex 20 45.5 5
      vertex 20 45.5 0
    endloop
  endfacet
  facet normal -1 -0 0
    outer loop
      vertex 20 45.5 5
      vertex 20 30 0
      vertex 20 30 5
    endloop
  endfacet
  facet normal -1 0 0
    outer loop
      vertex 20 65 0
      vertex 20 67.5 5
      vertex 20 67.5 0
    endloop
  endfacet
  facet normal -1 -0 0
    outer loop
      vertex 20 67.5 5
      vertex 20 65 0
      vertex 20 65 5
    endloop
  endfacet
  facet normal -1 0 0
    outer loop
      vertex 20 59.5 0
      vertex 20 62 5
      vertex 20 62 0
    endloop
  endfacet
  facet normal -1 -0 0
    outer loop
      vertex 20 62 5
      vertex 20 59.5 0
      vertex 20 59.5 5
    endloop
  endfacet
  facet normal -1 0 0
    outer loop
      vertex 20 54 0
      vertex 20 56.5 5
      vertex 20 56.5 0
    endloop
  endfacet
  facet normal -1 -0 0
    outer loop
      vertex 20 56.5 5
      vertex 20 54 0
      vertex 20 54 5
    endloop
  endfacet
  facet normal -1 0 0
    outer loop
      vertex 20 48.5 0
      vertex 20 51 5
      vertex 20 51 0
    endloop
  endfacet
  facet normal -1 -0 0
    outer loop
      vertex 20 51 5
      vertex 20 48.5 0
      vertex 20 48.5 5
    endloop
  endfacet
  facet normal 0 0 1
    outer loop
      vertex 20 48.5 5
      vertex 17 47 5
      vertex 20 45.5 5
    endloop
  endfacet
  facet normal 0 0 1
    outer loop
      vertex 20 54 5
      vertex 17 52.5 5
      vertex 20 51 5
    endloop
  endfacet
  facet normal 0 0 1
    outer loop
      vertex 20 59.5 5
      vertex 17 58 5
      vertex 20 56.5 5
    endloop
  endfacet
  facet normal 0 0 1
    outer loop
      vertex 20 65 5
      vertex 17 63.5 5
      vertex 20 62 5
    endloop
  endfacet
  facet normal 0 0 1
    outer loop
      vertex 20 70.5 5
      vertex 17 69 5
      vertex 20 67.5 5
    endloop
  endfacet
  facet normal 0 0 1
    outer loop
      vertex 20 87.6 5
      vertex 13.6 82.8 5
      vertex 20 78 5
    endloop
  endfacet
  facet normal 0 0 1
    outer loop
      vertex 20 70.5 5
      vertex 28 78 5
      vertex 24 78 5
    endloop
  endfacet
  facet normal 0 0 1
    outer loop
      vertex 20 78 5
      vertex 24 78 5
      vertex 20 87.6 5
    endloop
  endfacet
  facet normal 0 0 1
    outer loop
      vertex 20 70.5 5
      vertex 24 78 5
      vertex 20 78 5
    endloop
  endfacet
  facet normal 0 0 1
    outer loop
      vertex 28 78 5
      vertex 20 70.5 5
      vertex 20 67.5 5
    endloop
  endfacet
  facet normal 0 0 1
    outer loop
      vertex 28 78 5
      vertex 20 67.5 5
      vertex 20 65 5
    endloop
  endfacet
  facet normal 0 0 1
    outer loop
      vertex 28 78 5
      vertex 20 65 5
      vertex 20 62 5
    endloop
  endfacet
  facet normal 0 0 1
    outer loop
      vertex 28 78 5
      vertex 20 62 5
      vertex 20 59.5 5
    endloop
  endfacet
  facet normal 0 0 1
    outer loop
      vertex 20 56.5 5
      vertex 28 78 5
      vertex 20 59.5 5
    endloop
  endfacet
  facet normal 0 0 1
    outer loop
      vertex 20 54 5
      vertex 28 78 5
      vertex 20 56.5 5
    endloop
  endfacet
  facet normal 0 0 1
    outer loop
      vertex 28 78 5
      vertex 20 54 5
      vertex 28 30 5
    endloop
  endfacet
  facet normal -0 0 1
    outer loop
      vertex 20 51 5
      vertex 28 30 5
      vertex 20 54 5
    endloop
  endfacet
  facet normal -0 0 1
    outer loop
      vertex 20 48.5 5
      vertex 28 30 5
      vertex 20 51 5
    endloop
  endfacet
  facet normal -0 0 1
    outer loop
      vertex 20 45.5 5
      vertex 28 30 5
      vertex 20 48.5 5
    endloop
  endfacet
  facet normal 0 0 1
    outer loop
      vertex 28 30 5
      vertex 20 45.5 5
      vertex 20 30 5
    endloop
  endfacet
  facet normal -0.447214 0.894427 0
    outer loop
      vertex 20 48.5 0
      vertex 17 47 5
      vertex 20 48.5 5
    endloop
  endfacet
  facet normal -0.447214 0.894427 0
    outer loop
      vertex 17 47 5
      vertex 20 48.5 0
      vertex 17 47 0
    endloop
  endfacet
  facet normal -0.447214 -0.894427 0
    outer loop
      vertex 17 52.5 0
      vertex 20 51 5
      vertex 17 52.5 5
    endloop
  endfacet
  facet normal -0.447214 -0.894427 -0
    outer loop
      vertex 20 51 5
      vertex 17 52.5 0
      vertex 20 51 0
    endloop
  endfacet
  facet normal -0.447214 0.894427 0
    outer loop
      vertex 20 54 0
      vertex 17 52.5 5
      vertex 20 54 5
    endloop
  endfacet
  facet normal -0.447214 0.894427 0
    outer loop
      vertex 17 52.5 5
      vertex 20 54 0
      vertex 17 52.5 0
    endloop
  endfacet
  facet normal -0.447214 -0.894427 0
    outer loop
      vertex 17 58 0
      vertex 20 56.5 5
      vertex 17 58 5
    endloop
  endfacet
  facet normal -0.447214 -0.894427 -0
    outer loop
      vertex 20 56.5 5
      vertex 17 58 0
      vertex 20 56.5 0
    endloop
  endfacet
  facet normal -0.447214 0.894427 0
    outer loop
      vertex 20 59.5 0
      vertex 17 58 5
      vertex 20 59.5 5
    endloop
  endfacet
  facet normal -0.447214 0.894427 0
    outer loop
      vertex 17 58 5
      vertex 20 59.5 0
      vertex 17 58 0
    endloop
  endfacet
  facet normal -0.447214 -0.894427 0
    outer loop
      vertex 17 63.5 0
      vertex 20 62 5
      vertex 17 63.5 5
    endloop
  endfacet
  facet normal -0.447214 -0.894427 -0
    outer loop
      vertex 20 62 5
      vertex 17 63.5 0
      vertex 20 62 0
    endloop
  endfacet
  facet normal -0.447214 0.894427 0
    outer loop
      vertex 20 65 0
      vertex 17 63.5 5
      vertex 20 65 5
    endloop
  endfacet
  facet normal -0.447214 0.894427 0
    outer loop
      vertex 17 63.5 5
      vertex 20 65 0
      vertex 17 63.5 0
    endloop
  endfacet
  facet normal -0.447214 -0.894427 0
    outer loop
      vertex 17 69 0
      vertex 20 67.5 5
      vertex 17 69 5
    endloop
  endfacet
  facet normal -0.447214 -0.894427 -0
    outer loop
      vertex 20 67.5 5
      vertex 17 69 0
      vertex 20 67.5 0
    endloop
  endfacet
  facet normal -0.447214 0.894427 0
    outer loop
      vertex 20 70.5 0
      vertex 17 69 5
      vertex 20 70.5 5
    endloop
  endfacet
  facet normal -0.447214 0.894427 0
    outer loop
      vertex 17 69 5
      vertex 20 70.5 0
      vertex 17 69 0
    endloop
  endfacet
  facet normal 1 -0 0
    outer loop
      vertex 28 30 5
      vertex 28 78 0
      vertex 28 78 5
    endloop
  endfacet
  facet normal 1 0 0
    outer loop
      vertex 28 78 0
      vertex 28 30 5
      vertex 28 30 0
    endloop
  endfacet
  facet normal 0 1 -0
    outer loop
      vertex 28 78 0
      vertex 24 78 5
      vertex 28 78 5
    endloop
  endfacet
  facet normal 0 1 0
    outer loop
      vertex 24 78 5
      vertex 28 78 0
      vertex 24 78 0
    endloop
  endfacet
  facet normal -0.6 -0.8 0
    outer loop
      vertex 13.6 82.8 0
      vertex 20 78 5
      vertex 13.6 82.8 5
    endloop
  endfacet
  facet normal -0.6 -0.8 -0
    outer loop
      vertex 20 78 5
      vertex 13.6 82.8 0
      vertex 20 78 0
    endloop
  endfacet
  facet normal -0.6 0.8 0
    outer loop
      vertex 20 87.6 0
      vertex 13.6 82.8 5
      vertex 20 87.6 5
    endloop
  endfacet
  facet normal -0.6 0.8 0
    outer loop
      vertex 13.6 82.8 5
      vertex 20 87.6 0
      vertex 13.6 82.8 0
    endloop
  endfacet
  facet normal 0.923077 0.384615 0
    outer loop
      vertex 24 78 5
      vertex 20 87.6 0
      vertex 20 87.6 5
    endloop
  endfacet
  facet normal 0.923077 0.384615 0
    outer loop
      vertex 20 87.6 0
      vertex 24 78 5
      vertex 24 78 0
    endloop
  endfacet
endsolid OpenSCAD_Model
